UT_datetime, Type, Brightness, Zenith, Conditions, Latitude, Longitude, Moon_alt, Moon_illum, Clear SkyClock, Site description, User
2023-12-21 09:00:01, SQM-L,18.1, Up,0%, 39.2369, -84.4741,  -20, 68, https://www.cleardarksky.com/c/CncntObCOHkey.html, Wyoming  OH, mgarrod
2023-12-21 08:00:02, SQM-L,17.61, Up,100%, 39.2369, -84.4741,  -10, 67, https://www.cleardarksky.com/c/CncntObCOHkey.html, Wyoming  OH, mgarrod
2023-12-21 07:00:02, SQM-L,17.85, Up,100%, 39.2369, -84.4741,  2, 67, https://www.cleardarksky.com/c/CncntObCOHkey.html, Wyoming  OH, mgarrod
2023-12-21 06:00:02, SQM-L,17.33, Up,70%, 39.2369, -84.4741,  12, 66, https://www.cleardarksky.com/c/CncntObCOHkey.html, Wyoming  OH, mgarrod
2023-12-21 05:00:02, SQM-L,17.68, Up,100%, 39.2369, -84.4741,  23, 66, https://www.cleardarksky.com/c/CncntObCOHkey.html, Wyoming  OH, mgarrod
2023-12-21 04:00:02, SQM-L,16.34, Up,50%, 39.2369, -84.4741,  34, 65, https://www.cleardarksky.com/c/CncntObCOHkey.html, Wyoming  OH, mgarrod
2023-12-21 03:00:02, SQM-L,17.02, Up,40%, 39.2369, -84.4741,  44, 65, https://www.cleardarksky.com/c/CncntObCOHkey.html, Wyoming  OH, mgarrod
2023-12-21 02:00:02, SQM-L,17.44, Up,20%, 39.2369, -84.4741,  51, 65, https://www.cleardarksky.com/c/CncntObCOHkey.html, Wyoming  OH, mgarrod
2023-12-21 01:00:02, SQM-L,17.57, Up,0%, 39.2369, -84.4741,  55, 64, https://www.cleardarksky.com/c/CncntObCOHkey.html, Wyoming  OH, mgarrod
2023-12-21 00:00:02, SQM-L,17.25, Up,0%, 39.2369, -84.4741,  54, 64, https://www.cleardarksky.com/c/CncntObCOHkey.html, Wyoming  OH, mgarrod
2023-12-20 12:00:02, SQM-L,17.21, Up,50%, 39.2369, -84.4741,  -49, 58, https://www.cleardarksky.com/c/CncntObCOHkey.html, Wyoming  OH, mgarrod
2023-12-20 11:00:02, SQM-L,18.23, Up,60%, 39.2369, -84.4741,  -47, 58, https://www.cleardarksky.com/c/CncntObCOHkey.html, Wyoming  OH, mgarrod
2023-12-20 10:00:02, SQM-L,18.25, Up,0%, 39.2369, -84.4741,  -41, 57, https://www.cleardarksky.com/c/CncntObCOHkey.html, Wyoming  OH, mgarrod
2023-12-20 09:00:02, SQM-L,18.27, Up,0%, 39.2369, -84.4741,  -32, 57, https://www.cleardarksky.com/c/CncntObCOHkey.html, Wyoming  OH, mgarrod
2023-12-20 08:00:02, SQM-L,17.99, Up,60%, 39.2369, -84.4741,  -22, 56, https://www.cleardarksky.com/c/CncntObCOHkey.html, Wyoming  OH, mgarrod
2023-12-20 07:00:02, SQM-L,17.4, Up,80%, 39.2369, -84.4741,  -12, 56, https://www.cleardarksky.com/c/CncntObCOHkey.html, Wyoming  OH, mgarrod
2023-12-20 06:00:02, SQM-L,17.88, Up,0%, 39.2369, -84.4741,  0, 55, https://www.cleardarksky.com/c/CncntObCOHkey.html, Wyoming  OH, mgarrod
2023-12-20 05:00:02, SQM-L,18.17, Up,70%, 39.2369, -84.4741,  11, 55, https://www.cleardarksky.com/c/CncntObCOHkey.html, Wyoming  OH, mgarrod
2023-12-20 04:00:01, SQM-L,18.11, Up,70%, 39.2369, -84.4741,  21, 54, https://www.cleardarksky.com/c/CncntObCOHkey.html, Wyoming  OH, mgarrod
2023-12-20 03:00:01, SQM-L,17.89, Up,60%, 39.2369, -84.4741,  31, 54, https://www.cleardarksky.com/c/CncntObCOHkey.html, Wyoming  OH, mgarrod
2023-12-20 02:00:02, SQM-L,16.74, Up,0%, 39.2369, -84.4741,  40, 53, https://www.cleardarksky.com/c/CncntObCOHkey.html, Wyoming  OH, mgarrod
2023-12-20 01:00:01, SQM-L,17.54, Up,20%, 39.2369, -84.4741,  46, 53, https://www.cleardarksky.com/c/CncntObCOHkey.html, Wyoming  OH, mgarrod
2023-12-20 00:00:02, SQM-L,17.9, Up,30%, 39.2369, -84.4741,  49, 53, https://www.cleardarksky.com/c/CncntObCOHkey.html, Wyoming  OH, mgarrod
2023-12-19 11:00:02, SQM-L,18.19, Up,10%, 39.2369, -84.4741,  -56, 46, https://www.cleardarksky.com/c/CncntObCOHkey.html, Wyoming  OH, mgarrod
2023-12-19 10:00:02, SQM-L,16.01, Up,10%, 39.2369, -84.4741,  -52, 46, https://www.cleardarksky.com/c/CncntObCOHkey.html, Wyoming  OH, mgarrod
2023-12-19 09:00:02, SQM-L,15.62, Up,10%, 39.2369, -84.4741,  -44, 45, https://www.cleardarksky.com/c/CncntObCOHkey.html, Wyoming  OH, mgarrod
2023-12-19 08:00:02, SQM-L,18.18, Up,10%, 39.2369, -84.4741,  -35, 45, https://www.cleardarksky.com/c/CncntObCOHkey.html, Wyoming  OH, mgarrod
2023-12-19 07:00:02, SQM-L,18.16, Up,10%, 39.2369, -84.4741,  -24, 44, https://www.cleardarksky.com/c/CncntObCOHkey.html, Wyoming  OH, mgarrod
2023-12-19 06:00:02, SQM-L,17.19, Up,100%, 39.2369, -84.4741,  -14, 44, https://www.cleardarksky.com/c/CncntObCOHkey.html, Wyoming  OH, mgarrod
2023-12-19 05:00:02, SQM-L,16.58, Up,40%, 39.2369, -84.4741,  -3, 44, https://www.cleardarksky.com/c/CncntObCOHkey.html, Wyoming  OH, mgarrod
2023-12-19 04:00:02, SQM-L,17.08, Up,30%, 39.2369, -84.4741,  8, 43, https://www.cleardarksky.com/c/CncntObCOHkey.html, Wyoming  OH, mgarrod
2023-12-19 03:00:02, SQM-L,18.07, Up,40%, 39.2369, -84.4741,  19, 43, https://www.cleardarksky.com/c/CncntObCOHkey.html, Wyoming  OH, mgarrod
2023-12-19 02:00:02, SQM-L,15.23, Up,60%, 39.2369, -84.4741,  28, 42, https://www.cleardarksky.com/c/CncntObCOHkey.html, Wyoming  OH, mgarrod
2023-12-19 01:00:02, SQM-L,15.77, Up,40%, 39.2369, -84.4741,  35, 42, https://www.cleardarksky.com/c/CncntObCOHkey.html, Wyoming  OH, mgarrod
2023-12-19 00:00:01, SQM-L,16.85, Up,100%, 39.2369, -84.4741,  40, 41, https://www.cleardarksky.com/c/CncntObCOHkey.html, Wyoming  OH, mgarrod
2023-12-18 11:00:02, SQM-L,15.75, Up,100%, 39.2369, -84.4741,  -62, 35, https://www.cleardarksky.com/c/CncntObCOHkey.html, Wyoming  OH, mgarrod
2023-12-18 10:00:02, SQM-L,16.04, Up,100%, 39.2369, -84.4741,  -62, 35, https://www.cleardarksky.com/c/CncntObCOHkey.html, Wyoming  OH, mgarrod
2023-12-18 09:00:02, SQM-L,15.56, Up,100%, 39.2369, -84.4741,  -56, 34, https://www.cleardarksky.com/c/CncntObCOHkey.html, Wyoming  OH, mgarrod
2023-12-18 08:00:02, SQM-L,15.67, Up,100%, 39.2369, -84.4741,  -48, 34, https://www.cleardarksky.com/c/CncntObCOHkey.html, Wyoming  OH, mgarrod
2023-12-18 07:00:02, SQM-L,15.68, Up,100%, 39.2369, -84.4741,  -37, 33, https://www.cleardarksky.com/c/CncntObCOHkey.html, Wyoming  OH, mgarrod
2023-12-18 06:00:02, SQM-L,15.62, Up,100%, 39.2369, -84.4741,  -27, 33, https://www.cleardarksky.com/c/CncntObCOHkey.html, Wyoming  OH, mgarrod
2023-12-18 05:00:02, SQM-L,15.56, Up,100%, 39.2369, -84.4741,  -16, 32, https://www.cleardarksky.com/c/CncntObCOHkey.html, Wyoming  OH, mgarrod
2023-12-18 04:00:02, SQM-L,15.58, Up,100%, 39.2369, -84.4741,  -5, 32, https://www.cleardarksky.com/c/CncntObCOHkey.html, Wyoming  OH, mgarrod
2023-12-18 03:00:02, SQM-L,16.02, Up,100%, 39.2369, -84.4741,  6, 31, https://www.cleardarksky.com/c/CncntObCOHkey.html, Wyoming  OH, mgarrod
2023-12-18 02:00:01, SQM-L,16.06, Up,100%, 39.2369, -84.4741,  15, 31, https://www.cleardarksky.com/c/CncntObCOHkey.html, Wyoming  OH, mgarrod
2023-12-18 01:00:02, SQM-L,15.58, Up,100%, 39.2369, -84.4741,  24, 31, https://www.cleardarksky.com/c/CncntObCOHkey.html, Wyoming  OH, mgarrod
2023-12-18 00:00:02, SQM-L,15.34, Up,100%, 39.2369, -84.4741,  30, 30, https://www.cleardarksky.com/c/CncntObCOHkey.html, Wyoming  OH, mgarrod
2023-12-17 11:00:02, SQM-L,15.81, Up,100%, 39.2369, -84.4741,  -64, 25, https://www.cleardarksky.com/c/CncntObCOHkey.html, Wyoming  OH, mgarrod
2023-12-17 10:00:02, SQM-L,15.74, Up,100%, 39.2369, -84.4741,  -69, 24, https://www.cleardarksky.com/c/CncntObCOHkey.html, Wyoming  OH, mgarrod
2023-12-17 09:00:01, SQM-L,15.58, Up,100%, 39.2369, -84.4741,  -67, 24, https://www.cleardarksky.com/c/CncntObCOHkey.html, Wyoming  OH, mgarrod
2023-12-17 08:00:02, SQM-L,15.49, Up,100%, 39.2369, -84.4741,  -60, 23, https://www.cleardarksky.com/c/CncntObCOHkey.html, Wyoming  OH, mgarrod
2023-12-17 07:00:02, SQM-L,15.56, Up,100%, 39.2369, -84.4741,  -50, 23, https://www.cleardarksky.com/c/CncntObCOHkey.html, Wyoming  OH, mgarrod
2023-12-17 06:00:02, SQM-L,15.5, Up,100%, 39.2369, -84.4741,  -40, 23, https://www.cleardarksky.com/c/CncntObCOHkey.html, Wyoming  OH, mgarrod
2023-12-17 05:00:02, SQM-L,15.72, Up,100%, 39.2369, -84.4741,  -29, 22, https://www.cleardarksky.com/c/CncntObCOHkey.html, Wyoming  OH, mgarrod
2023-12-17 04:00:02, SQM-L,15.88, Up,40%, 39.2369, -84.4741,  -18, 22, https://www.cleardarksky.com/c/CncntObCOHkey.html, Wyoming  OH, mgarrod
2023-12-17 03:00:02, SQM-L,15.72, Up,80%, 39.2369, -84.4741,  -7, 21, https://www.cleardarksky.com/c/CncntObCOHkey.html, Wyoming  OH, mgarrod
2023-12-17 02:00:02, SQM-L,15.34, Up,100%, 39.2369, -84.4741,  3, 21, https://www.cleardarksky.com/c/CncntObCOHkey.html, Wyoming  OH, mgarrod
2023-12-17 01:00:01, SQM-L,15.56, Up,100%, 39.2369, -84.4741,  12, 21, https://www.cleardarksky.com/c/CncntObCOHkey.html, Wyoming  OH, mgarrod
2023-12-17 00:00:02, SQM-L,15.87, Up,0%, 39.2369, -84.4741,  20, 20, https://www.cleardarksky.com/c/CncntObCOHkey.html, Wyoming  OH, mgarrod
2023-12-16 11:00:02, SQM-L,17.29, Up,100%, 39.2369, -84.4741,  -59, 15, https://www.cleardarksky.com/c/CncntObCOHkey.html, Wyoming  OH, mgarrod
2023-12-16 10:00:02, SQM-L,16.71, Up,100%, 39.2369, -84.4741,  -68, 15, https://www.cleardarksky.com/c/CncntObCOHkey.html, Wyoming  OH, mgarrod
2023-12-16 09:00:02, SQM-L,16.77, Up,100%, 39.2369, -84.4741,  -74, 15, https://www.cleardarksky.com/c/CncntObCOHkey.html, Wyoming  OH, mgarrod
2023-12-16 08:00:02, SQM-L,17.47, Up,100%, 39.2369, -84.4741,  -71, 14, https://www.cleardarksky.com/c/CncntObCOHkey.html, Wyoming  OH, mgarrod
2023-12-16 07:00:02, SQM-L,17.49, Up,100%, 39.2369, -84.4741,  -63, 14, https://www.cleardarksky.com/c/CncntObCOHkey.html, Wyoming  OH, mgarrod
2023-12-16 06:00:02, SQM-L,16.89, Up,90%, 39.2369, -84.4741,  -53, 14, https://www.cleardarksky.com/c/CncntObCOHkey.html, Wyoming  OH, mgarrod
2023-12-16 05:00:02, SQM-L,17.92, Up,80%, 39.2369, -84.4741,  -42, 13, https://www.cleardarksky.com/c/CncntObCOHkey.html, Wyoming  OH, mgarrod
2023-12-16 04:00:02, SQM-L,18.01, Up,80%, 39.2369, -84.4741,  -31, 13, https://www.cleardarksky.com/c/CncntObCOHkey.html, Wyoming  OH, mgarrod
2023-12-16 03:00:02, SQM-L,18.08, Up,80%, 39.2369, -84.4741,  -20, 13, https://www.cleardarksky.com/c/CncntObCOHkey.html, Wyoming  OH, mgarrod
2023-12-16 02:00:01, SQM-L,17.66, Up,70%, 39.2369, -84.4741,  -10, 12, https://www.cleardarksky.com/c/CncntObCOHkey.html, Wyoming  OH, mgarrod
2023-12-16 01:00:01, SQM-L,17.78, Up,0%, 39.2369, -84.4741,  1, 12, https://www.cleardarksky.com/c/CncntObCOHkey.html, Wyoming  OH, mgarrod
2023-12-16 00:00:01, SQM-L,18.03, Up,60%, 39.2369, -84.4741,  9, 12, https://www.cleardarksky.com/c/CncntObCOHkey.html, Wyoming  OH, mgarrod
2023-12-15 11:00:02, SQM-L,18.27, Up,0%, 39.2369, -84.4741,  -51, 8, https://www.cleardarksky.com/c/CncntObCOHkey.html, Wyoming  OH, mgarrod
2023-12-15 10:00:01, SQM-L,18.29, Up,0%, 39.2369, -84.4741,  -61, 8, https://www.cleardarksky.com/c/CncntObCOHkey.html, Wyoming  OH, mgarrod
2023-12-15 09:00:02, SQM-L,18.3, Up,0%, 39.2369, -84.4741,  -71, 7, https://www.cleardarksky.com/c/CncntObCOHkey.html, Wyoming  OH, mgarrod
2023-12-15 08:00:02, SQM-L,18.29, Up,0%, 39.2369, -84.4741,  -77, 7, https://www.cleardarksky.com/c/CncntObCOHkey.html, Wyoming  OH, mgarrod
2023-12-15 07:00:02, SQM-L,18.27, Up,0%, 39.2369, -84.4741,  -74, 7, https://www.cleardarksky.com/c/CncntObCOHkey.html, Wyoming  OH, mgarrod
2023-12-15 06:00:02, SQM-L,18.25, Up,0%, 39.2369, -84.4741,  -65, 7, https://www.cleardarksky.com/c/CncntObCOHkey.html, Wyoming  OH, mgarrod
2023-12-15 05:00:02, SQM-L,18.23, Up,0%, 39.2369, -84.4741,  -54, 6, https://www.cleardarksky.com/c/CncntObCOHkey.html, Wyoming  OH, mgarrod
2023-12-15 04:00:02, SQM-L,18.21, Up,0%, 39.2369, -84.4741,  -43, 6, https://www.cleardarksky.com/c/CncntObCOHkey.html, Wyoming  OH, mgarrod
2023-12-15 03:00:01, SQM-L,18.16, Up,0%, 39.2369, -84.4741,  -33, 6, https://www.cleardarksky.com/c/CncntObCOHkey.html, Wyoming  OH, mgarrod
2023-12-15 02:00:01, SQM-L,18.12, Up,0%, 39.2369, -84.4741,  -22, 6, https://www.cleardarksky.com/c/CncntObCOHkey.html, Wyoming  OH, mgarrod
2023-12-15 01:00:02, SQM-L,18.09, Up,0%, 39.2369, -84.4741,  -12, 5, https://www.cleardarksky.com/c/CncntObCOHkey.html, Wyoming  OH, mgarrod
2023-12-15 00:00:02, SQM-L,18.09, Up,0%, 39.2369, -84.4741,  -2, 5, https://www.cleardarksky.com/c/CncntObCOHkey.html, Wyoming  OH, mgarrod
2023-12-14 11:00:02, SQM-L,18.24, Up,0%, 39.2369, -84.4741,  -40, 3, https://www.cleardarksky.com/c/CncntObCOHkey.html, Wyoming  OH, mgarrod
2023-12-14 10:00:02, SQM-L,18.27, Up,0%, 39.2369, -84.4741,  -51, 3, https://www.cleardarksky.com/c/CncntObCOHkey.html, Wyoming  OH, mgarrod
2023-12-14 09:00:02, SQM-L,18.27, Up,0%, 39.2369, -84.4741,  -62, 3, https://www.cleardarksky.com/c/CncntObCOHkey.html, Wyoming  OH, mgarrod
2023-12-14 08:00:02, SQM-L,18.27, Up,0%, 39.2369, -84.4741,  -72, 2, https://www.cleardarksky.com/c/CncntObCOHkey.html, Wyoming  OH, mgarrod
2023-12-14 07:00:02, SQM-L,18.27, Up,0%, 39.2369, -84.4741,  -79, 2, https://www.cleardarksky.com/c/CncntObCOHkey.html, Wyoming  OH, mgarrod
2023-12-14 06:00:01, SQM-L,18.26, Up,0%, 39.2369, -84.4741,  -76, 2, https://www.cleardarksky.com/c/CncntObCOHkey.html, Wyoming  OH, mgarrod
2023-12-14 05:00:02, SQM-L,18.2, Up,0%, 39.2369, -84.4741,  -66, 2, https://www.cleardarksky.com/c/CncntObCOHkey.html, Wyoming  OH, mgarrod
2023-12-14 04:00:02, SQM-L,18.21, Up,0%, 39.2369, -84.4741,  -56, 2, https://www.cleardarksky.com/c/CncntObCOHkey.html, Wyoming  OH, mgarrod
2023-12-14 03:00:02, SQM-L,18.15, Up,0%, 39.2369, -84.4741,  -45, 2, https://www.cleardarksky.com/c/CncntObCOHkey.html, Wyoming  OH, mgarrod
2023-12-14 02:00:02, SQM-L,18.12, Up,0%, 39.2369, -84.4741,  -34, 2, https://www.cleardarksky.com/c/CncntObCOHkey.html, Wyoming  OH, mgarrod
2023-12-14 01:00:02, SQM-L,18.08, Up,0%, 39.2369, -84.4741,  -23, 1, https://www.cleardarksky.com/c/CncntObCOHkey.html, Wyoming  OH, mgarrod
2023-12-14 00:00:02, SQM-L,17.95, Up,0%, 39.2369, -84.4741,  -13, 1, https://www.cleardarksky.com/c/CncntObCOHkey.html, Wyoming  OH, mgarrod
2023-12-13 12:00:02, SQM-L,16.91, Up,50%, 39.2369, -84.4741,  -18, 0, https://www.cleardarksky.com/c/CncntObCOHkey.html, Wyoming  OH, mgarrod
2023-12-13 11:00:02, SQM-L,17.62, Up,0%, 39.2369, -84.4741,  -29, 0, https://www.cleardarksky.com/c/CncntObCOHkey.html, Wyoming  OH, mgarrod
2023-12-13 10:00:01, SQM-L,17.5, Up,0%, 39.2369, -84.4741,  -40, 0, https://www.cleardarksky.com/c/CncntObCOHkey.html, Wyoming  OH, mgarrod
2023-12-13 09:00:02, SQM-L,18.22, Up,40%, 39.2369, -84.4741,  -51, 0, https://www.cleardarksky.com/c/CncntObCOHkey.html, Wyoming  OH, mgarrod
2023-12-13 08:00:01, SQM-L,18.23, Up,20%, 39.2369, -84.4741,  -61, 0, https://www.cleardarksky.com/c/CncntObCOHkey.html, Wyoming  OH, mgarrod
2023-12-13 07:00:01, SQM-L,18.2, Up,0%, 39.2369, -84.4741,  -72, 0, https://www.cleardarksky.com/c/CncntObCOHkey.html, Wyoming  OH, mgarrod
2023-12-13 06:00:02, SQM-L,18.21, Up,0%, 39.2369, -84.4741,  -78, 0, https://www.cleardarksky.com/c/CncntObCOHkey.html, Wyoming  OH, mgarrod
2023-12-13 05:00:01, SQM-L,18.17, Up,0%, 39.2369, -84.4741,  -76, 0, https://www.cleardarksky.com/c/CncntObCOHkey.html, Wyoming  OH, mgarrod
2023-12-13 04:00:02, SQM-L,18.14, Up,0%, 39.2369, -84.4741,  -66, 0, https://www.cleardarksky.com/c/CncntObCOHkey.html, Wyoming  OH, mgarrod
2023-12-13 03:00:02, SQM-L,18.09, Up,0%, 39.2369, -84.4741,  -56, 0, https://www.cleardarksky.com/c/CncntObCOHkey.html, Wyoming  OH, mgarrod
2023-12-13 02:00:01, SQM-L,18.05, Up,0%, 39.2369, -84.4741,  -45, 0, https://www.cleardarksky.com/c/CncntObCOHkey.html, Wyoming  OH, mgarrod
2023-12-13 01:00:01, SQM-L,18.06, Up,0%, 39.2369, -84.4741,  -34, 0, https://www.cleardarksky.com/c/CncntObCOHkey.html, Wyoming  OH, mgarrod
2023-12-13 00:00:02, SQM-L,18.07, Up,0%, 39.2369, -84.4741,  -23, 0, https://www.cleardarksky.com/c/CncntObCOHkey.html, Wyoming  OH, mgarrod
2023-12-12 23:12:09, SQM-L,17.59, Up,0%, 39.2369, -84.4741,  -15, 0, https://www.cleardarksky.com/c/CncntObCOHkey.html, Wyoming  OH, mgarrod
2023-12-12 12:00:02, SQM-L,16.5, Up,0%, 39.2369, -84.4741,  -7, 0, https://www.cleardarksky.com/c/CncntObCOHkey.html, Wyoming  OH, mgarrod
2023-12-12 11:00:02, SQM-L,18.23, Up,0%, 39.2369, -84.4741,  -17, 0, https://www.cleardarksky.com/c/CncntObCOHkey.html, Wyoming  OH, mgarrod
2023-12-12 10:00:02, SQM-L,18.25, Up,0%, 39.2369, -84.4741,  -28, 0, https://www.cleardarksky.com/c/CncntObCOHkey.html, Wyoming  OH, mgarrod
2023-12-12 09:00:02, SQM-L,18.27, Up,0%, 39.2369, -84.4741,  -39, 0, https://www.cleardarksky.com/c/CncntObCOHkey.html, Wyoming  OH, mgarrod
2023-12-12 08:00:01, SQM-L,18.29, Up,0%, 39.2369, -84.4741,  -50, 1, https://www.cleardarksky.com/c/CncntObCOHkey.html, Wyoming  OH, mgarrod
2023-12-12 07:00:02, SQM-L,18.29, Up,0%, 39.2369, -84.4741,  -60, 1, https://www.cleardarksky.com/c/CncntObCOHkey.html, Wyoming  OH, mgarrod
2023-12-12 06:00:02, SQM-L,18.26, Up,0%, 39.2369, -84.4741,  -70, 1, https://www.cleardarksky.com/c/CncntObCOHkey.html, Wyoming  OH, mgarrod
2023-12-12 05:00:02, SQM-L,18.23, Up,0%, 39.2369, -84.4741,  -76, 1, https://www.cleardarksky.com/c/CncntObCOHkey.html, Wyoming  OH, mgarrod
2023-12-12 04:00:01, SQM-L,18.21, Up,0%, 39.2369, -84.4741,  -74, 1, https://www.cleardarksky.com/c/CncntObCOHkey.html, Wyoming  OH, mgarrod
2023-12-12 03:00:02, SQM-L,18.16, Up,0%, 39.2369, -84.4741,  -65, 1, https://www.cleardarksky.com/c/CncntObCOHkey.html, Wyoming  OH, mgarrod
2023-12-12 02:00:01, SQM-L,18.13, Up,0%, 39.2369, -84.4741,  -54, 1, https://www.cleardarksky.com/c/CncntObCOHkey.html, Wyoming  OH, mgarrod
2023-12-12 01:00:02, SQM-L,18.1, Up,0%, 39.2369, -84.4741,  -43, 1, https://www.cleardarksky.com/c/CncntObCOHkey.html, Wyoming  OH, mgarrod
2023-12-12 00:03:03, SQM-L,18.11, Up,0%, 39.2369, -84.4741,  -33, 1, https://www.cleardarksky.com/c/CncntObCOHkey.html, Wyoming  OH, mgarrod
2023-12-11 23:00:02, SQM-L,16.21, Up,0%, 39.2369, -84.4741,  -21, 1, https://www.cleardarksky.com/c/CncntObCOHkey.html, Wyoming  OH, mgarrod
2023-12-11 12:00:02, SQM-L,15.66, Up,100%, 39.2369, -84.4741,  4, 3, https://www.cleardarksky.com/c/CncntObCOHkey.html, Wyoming  OH, mgarrod
2023-12-11 11:00:02, SQM-L,16.36, Up,100%, 39.2369, -84.4741,  -6, 3, https://www.cleardarksky.com/c/CncntObCOHkey.html, Wyoming  OH, mgarrod
2023-12-11 10:00:02, SQM-L,15.75, Up,70%, 39.2369, -84.4741,  -16, 3, https://www.cleardarksky.com/c/CncntObCOHkey.html, Wyoming  OH, mgarrod
2023-12-11 09:00:02, SQM-L,15.96, Up,100%, 39.2369, -84.4741,  -27, 3, https://www.cleardarksky.com/c/CncntObCOHkey.html, Wyoming  OH, mgarrod
2023-12-11 08:00:01, SQM-L,15.72, Up,50%, 39.2369, -84.4741,  -38, 3, https://www.cleardarksky.com/c/CncntObCOHkey.html, Wyoming  OH, mgarrod
2023-12-11 07:00:02, SQM-L,15.5, Up,20%, 39.2369, -84.4741,  -49, 3, https://www.cleardarksky.com/c/CncntObCOHkey.html, Wyoming  OH, mgarrod
2023-12-11 06:00:02, SQM-L,15.73, Up,100%, 39.2369, -84.4741,  -59, 4, https://www.cleardarksky.com/c/CncntObCOHkey.html, Wyoming  OH, mgarrod
2023-12-11 05:00:01, SQM-L,16.17, Up,100%, 39.2369, -84.4741,  -68, 4, https://www.cleardarksky.com/c/CncntObCOHkey.html, Wyoming  OH, mgarrod
2023-12-11 04:00:02, SQM-L,15.93, Up,100%, 39.2369, -84.4741,  -73, 4, https://www.cleardarksky.com/c/CncntObCOHkey.html, Wyoming  OH, mgarrod
2023-12-11 03:00:02, SQM-L,16.35, Up,100%, 39.2369, -84.4741,  -70, 4, https://www.cleardarksky.com/c/CncntObCOHkey.html, Wyoming  OH, mgarrod
2023-12-11 02:00:01, SQM-L,16.5, Up,100%, 39.2369, -84.4741,  -62, 4, https://www.cleardarksky.com/c/CncntObCOHkey.html, Wyoming  OH, mgarrod
2023-12-11 01:00:02, SQM-L,16.18, Up,100%, 39.2369, -84.4741,  -51, 4, https://www.cleardarksky.com/c/CncntObCOHkey.html, Wyoming  OH, mgarrod
2023-12-11 00:00:02, SQM-L,15.33, Up,100%, 39.2369, -84.4741,  -40, 5, https://www.cleardarksky.com/c/CncntObCOHkey.html, Wyoming  OH, mgarrod
2023-12-10 23:00:02, SQM-L,15.22, Up,100%, 39.2369, -84.4741,  -29, 5, https://www.cleardarksky.com/c/CncntObCOHkey.html, Wyoming  OH, mgarrod
2023-12-10 12:10:47, SQM-L,14.66, Up,0%, 39.2369, -84.4741,  16, 7, https://www.cleardarksky.com/c/CncntObCOHkey.html, Wyoming  OH, mgarrod
2023-12-10 11:00:02, SQM-L,16.31, Up,0%, 39.2369, -84.4741,  6, 7, https://www.cleardarksky.com/c/CncntObCOHkey.html, Wyoming  OH, mgarrod
2023-12-10 10:00:02, SQM-L,16.63, Up,90%, 39.2369, -84.4741,  -4, 8, https://www.cleardarksky.com/c/CncntObCOHkey.html, Wyoming  OH, mgarrod
2023-12-10 09:00:01, SQM-L,16.25, Up,90%, 39.2369, -84.4741,  -15, 8, https://www.cleardarksky.com/c/CncntObCOHkey.html, Wyoming  OH, mgarrod
2023-12-10 08:00:01, SQM-L,16.61, Up,90%, 39.2369, -84.4741,  -26, 8, https://www.cleardarksky.com/c/CncntObCOHkey.html, Wyoming  OH, mgarrod
2023-12-10 07:00:02, SQM-L,16.73, Up,80%, 39.2369, -84.4741,  -37, 8, https://www.cleardarksky.com/c/CncntObCOHkey.html, Wyoming  OH, mgarrod
2023-12-10 06:00:02, SQM-L,17.1, Up,50%, 39.2369, -84.4741,  -48, 8, https://www.cleardarksky.com/c/CncntObCOHkey.html, Wyoming  OH, mgarrod
2023-12-10 05:00:02, SQM-L,18.28, Up,90%, 39.2369, -84.4741,  -57, 9, https://www.cleardarksky.com/c/CncntObCOHkey.html, Wyoming  OH, mgarrod
2023-12-10 04:00:02, SQM-L,18.25, Up,90%, 39.2369, -84.4741,  -65, 9, https://www.cleardarksky.com/c/CncntObCOHkey.html, Wyoming  OH, mgarrod
2023-12-10 03:00:02, SQM-L,16.95, Up,100%, 39.2369, -84.4741,  -68, 9, https://www.cleardarksky.com/c/CncntObCOHkey.html, Wyoming  OH, mgarrod
2023-12-10 02:00:01, SQM-L,15.57, Up,100%, 39.2369, -84.4741,  -65, 9, https://www.cleardarksky.com/c/CncntObCOHkey.html, Wyoming  OH, mgarrod
2023-12-10 01:49:58, SQM-L,15.38, Up,100%, 39.2369, -84.4741,  -63, 10, https://www.cleardarksky.com/c/CncntObCOHkey.html, Wyoming  OH, mgarrod
2023-12-10 01:32:25, SQM-L,15.31, Up,100%, 39.2369, -84.4741,  -61, 10, https://www.cleardarksky.com/c/CncntObCOHkey.html, Wyoming  OH, mgarrod
2023-12-20 10:46:05, SQM-L,21.5, Up,40%, 37.998, -105.699,  -35, 58, , Crestone  Colorado, Skyguy66
2023-12-19 11:59:53, SQM-L,21.6, Up,30%, 37.998, -105.699,  -55, 47, , Crestone  Colorado, Skyguy66
2023-12-18 05:19:37, SQM-L,21.38, Up,20%, 37.998, -105.699,  -3, 33, , Crestone  Colorado, Skyguy66
2023-12-17 05:15:26, SQM,21.5, Up,40%, 37.998, -105.699,  -15, 22, , Crestone  Colorado, Skyguy66
2023-12-16 01:25:52, SQM-L,21.38, Up,0%, 37.998, -105.699,  10, 12, , Crestone  Colorado, Skyguy66
2023-12-15 04:34:32, SQM-L,21.51, Up,100%, 37.998, -105.699,  -33, 6, , Crestone  Colorado, Skyguy66
2023-12-14 05:22:23, SQM-L,21.74, Up,100%, 37.998, -105.699,  -55, 2, , Crestone  Colorado, Skyguy66
2023-12-13 09:42:02, SQM-L,21.57, Up,100%, 37.998, -105.699,  -59, 0, , Crestone  Colorado, Skyguy66
2023-12-12 12:07:01, SQM-L,21.82, Up,100%, 37.998, -105.699,  -21, 0, , Crestone  Colorado, Skyguy66
2023-12-11 12:26:25, SQM-L,21.7, Up,20%, 37.998, -105.699,  -6, 3, , Crestone  Colorado, Skyguy66
2023-12-10 12:14:03, SQM-L,21.65, Up,10%, 37.998, -105.699,  4, 7, , Crestone  Colorado, Skyguy66
2023-12-09 12:54:30, SQM-L,22.1, Up,100%, 37.998, -105.699,  21, 13, , Crestone  Colorado, Skyguy66
2023-12-08 10:17:40, SQM-L,21.9, Up,100%, 37.998, -105.699,  7, 21, , Crestone  Colorado, Skyguy66
2023-12-07 05:36:42, SQM-L,21.3, Up,0%, 37.998, -105.699,  -34, 32, , Crestone  Colorado, Skyguy66
2023-12-06 01:44:03, SQM-L,21.42, Up,0%, 37.998, -105.699,  -47, 42, , Crestone  Colorado, Skyguy66
2023-12-05 04:07:24, SQM-L,21.32, Up,0%, 37.998, -105.699,  -27, 51, , Crestone  Colorado, Skyguy66
2023-12-04 01:45:17, SQM,21.27, Up,80%, 37.998, -105.699,  -34, 61, , Crestone  Colorado, Skyguy66
2023-12-03 03:36:20, SQM-L,21.27, Up,30%, 37.998, -105.699,  -11, 69, , Crestone  Colorado, Skyguy66
2023-12-02 01:59:25, SQM-L,21.09, Up,40%, 37.998, -105.699,  -15, 78, , Crestone  Colorado, Skyguy66
2023-12-01 02:02:28, SQM-L,21.02, Up,30%, 37.998, -105.699,  -6, 86, , Crestone  Colorado, Skyguy66
2023-11-30 01:13:04, SQM-L,21.06, Up,10%, 37.998, -105.699,  -4, 92, , Crestone  Colorado, Skyguy66
2023-11-29 01:02:02, SQM-L,20.28, Up,0%, 37.998, -105.699,  3, 97, , Crestone  Colorado, Skyguy66
2023-11-28 01:02:44, SQM-L,19.48, Up,0%, 37.998, -105.699,  11, 99, , Crestone  Colorado, Skyguy66
2023-11-27 12:44:26, SQM-L,18.98, Up,0%, 37.998, -105.699,  16, 100, , Crestone  Colorado, Skyguy66
2023-11-26 12:38:44, SQM-L,19.79, Up,0%, 37.998, -105.699,  5, 99, , Crestone  Colorado, Skyguy66
2023-11-25 12:23:01, SQM-L,21.55, Up,90%, 37.998, -105.699,  -5, 96, , Crestone  Colorado, Skyguy66
2023-11-24 11:06:52, SQM-L,22.07, Up,100%, 37.998, -105.699,  -4, 90, , Crestone  Colorado, Skyguy66
2023-11-23 12:15:00, SQM-L,21.51, Up,30%, 37.998, -105.699,  -29, 82, , Crestone  Colorado, Skyguy66
2023-11-22 11:34:31, SQM-L,21.55, Up,0%, 37.998, -105.699,  -35, 72, , Crestone  Colorado, Skyguy66
2023-11-21 12:20:16, SQM-L,21.54, Up,0%, 37.998, -105.699,  -54, 62, , Crestone  Colorado, Skyguy66
2023-11-21 05:30:27, SQM-L,22.36, Up,100%, 37.998, -105.699,  18, 59, , Crestone  Colorado, Skyguy66
2023-11-19 06:59:00, SQM-L,21.58, Up,10%, 37.998, -105.699,  -23, 37, , Crestone  Colorado, Skyguy66
2023-11-18 08:47:17, SQM-L,21.77, Up,80%, 37.998, -105.699,  -56, 27, , Crestone  Colorado, Skyguy66
2023-11-18 04:48:00, SQM-L,21.58, Up,0%, 37.998, -105.699,  -12, 25, , Crestone  Colorado, Skyguy66
2023-11-15 04:21:00, SQM-L,21.39, Up,0%, 37.998, -105.699,  -40, 4, , Crestone  Colorado, Skyguy66
2023-11-14 03:41:01, SQM-L,21.37, Up,0%, 37.998, -105.699,  -42, 1, , Crestone  Colorado, Skyguy66
2023-11-13 12:49:32, SQM-L,21.36, Up,0%, 37.998, -105.699,  -14, 0, , Crestone  Colorado, Skyguy66
2023-11-12 03:18:01, SQM-L,21.16, Up,0%, 37.998, -105.699,  -50, 2, , Crestone  Colorado, Skyguy66
2023-11-11 04:50:00, SQM-L,21.53, Up,30%, 37.998, -105.699,  -61, 5, , Crestone  Colorado, Skyguy66
2023-11-10 04:27:20, SQM-L,21.45, Up,0%, 37.998, -105.699,  -55, 10, , Crestone  Colorado, Skyguy66
2023-11-09 03:52:09, SQM-L,21.59, Up,70%, 37.998, -105.699,  -50, 17, , Crestone  Colorado, Skyguy66
2023-11-08 05:16:34, SQM-L,21.42, Up,40%, 37.998, -105.699,  -36, 24, , Crestone  Colorado, Skyguy66
2023-11-07 03:30:52, SQM-L,21.21, Up,0%, 37.998, -105.699,  -37, 33, , Crestone  Colorado, Skyguy66
2023-11-06 03:06:10, SQM-L,21.17, Up,0%, 37.998, -105.699,  -31, 43, , Crestone  Colorado, Skyguy66
2023-11-05 04:23:23, SQM-L,21.27, Up,0%, 37.998, -105.699,  -14, 52, , Crestone  Colorado, Skyguy66
2023-11-04 02:57:20, SQM-L,21.2, Up,30%, 37.998, -105.699,  -17, 62, , Crestone  Colorado, Skyguy66
2023-11-03 03:23:57, SQM-L,21.18, Up,40%, 37.998, -105.699,  -5, 71, , Crestone  Colorado, Skyguy66
2023-11-02 01:53:27, SQM-L,21.11, Up,30%, 37.998, -105.699,  -9, 80, , Crestone  Colorado, Skyguy66
2023-11-01 01:39:13, SQM-L,20.97, Up,0%, 37.998, -105.699,  -4, 88, , Crestone  Colorado, Skyguy66
2023-10-31 01:21:13, SQM-L,20.6, Up,0%, 37.998, -105.699,  1, 94, , Crestone  Colorado, Skyguy66
2023-10-30 01:17:42, SQM-L,19.51, Up,100%, 37.998, -105.699,  6, 98, , Crestone  Colorado, Skyguy66
2023-10-29 01:28:53, SQM-L,19.43, Up,100%, 37.998, -105.699,  15, 100, , Crestone  Colorado, Skyguy66
2023-10-28 12:21:16, SQM-L,19.09, Up,80%, 37.998, -105.699,  8, 100, , Crestone  Colorado, Skyguy66
2023-10-27 12:06:42, SQM-L,20.9, Up,30%, 37.998, -105.699,  -3, 98, , Crestone  Colorado, Skyguy66
2023-10-26 11:39:09, SQM-L,21.04, Up,0%, 37.998, -105.699,  -11, 92, , Crestone  Colorado, Skyguy66
2023-10-25 11:47:52, SQM-L,21.15, Up,0%, 37.998, -105.699,  -26, 85, , Crestone  Colorado, Skyguy66
2023-10-24 10:46:27, SQM-L,21.3, Up,0%, 37.998, -105.699,  -28, 75, , Crestone  Colorado, Skyguy66
2023-10-23 08:41:23, SQM-L,21.18, Up,0%, 37.998, -105.699,  -18, 64, , Crestone  Colorado, Skyguy66
2023-10-21 04:58:48, SQM-L,21.27, Up,0%, 37.998, -105.699,  -4, 40, , Crestone  Colorado, Skyguy66
2023-10-20 04:10:30, SQM-L,21.25, Up,0%, 37.998, -105.699,  -7, 29, , Crestone  Colorado, Skyguy66
2023-10-19 04:33:27, SQM-L,21.65, Up,0%, 37.998, -105.699,  -20, 20, , Crestone  Colorado, Skyguy66
2023-10-18 05:18:00, SQM-L,21.68, Up,10%, 37.998, -105.699,  -37, 12, , Crestone  Colorado, Skyguy66
2023-10-17 04:59:18, SQM-L,21.76, Up,0%, 37.998, -105.699,  -41, 6, , Crestone  Colorado, Skyguy66
2023-10-16 05:37:29, SQM-L,21.6, Up,0%, 37.998, -105.699,  -54, 2, , Crestone  Colorado, Skyguy66
2023-10-15 05:20:28, SQM-L,21.48, Up,0%, 37.998, -105.699,  -54, 0, , Crestone  Colorado, Skyguy66
2023-10-14 05:59:04, SQM-L,21.4, Up,0%, 37.998, -105.699,  -57, 0, , Crestone  Colorado, Skyguy66
2023-10-13 05:16:22, SQM-L,21.62, Up,90%, 37.998, -105.699,  -51, 2, , Crestone  Colorado, Skyguy66
2023-10-12 04:54:55, SQM-L,22.12, Up,100%, 37.998, -105.699,  -46, 6, , Crestone  Colorado, Skyguy66
2023-10-11 05:27:07, SQM-L,21.42, Up,10%, 37.998, -105.699,  -39, 11, , Crestone  Colorado, Skyguy66
2023-10-10 04:51:44, SQM-L,21.78, Up,100%, 37.998, -105.699,  -34, 18, , Crestone  Colorado, Skyguy66
2023-10-09 04:18:01, SQM-L,21.38, Up,0%, 37.998, -105.699,  -29, 26, , Crestone  Colorado, Skyguy66
2023-10-08 04:43:55, SQM-L,21.51, Up,0%, 37.998, -105.699,  -20, 35, , Crestone  Colorado, Skyguy66
2023-10-07 05:46:22, SQM-L,21.51, Up,0%, 37.998, -105.699,  -3, 44, , Crestone  Colorado, Skyguy66
2023-10-06 05:45:00, SQM-L,21.61, Up,0%, 37.998, -105.699,  6, 53, , Crestone  Colorado, Skyguy66
2023-10-04 02:56:05, SQM-L,21.35, Up,0%, 37.998, -105.699,  -5, 74, , Crestone  Colorado, Skyguy66
2023-10-03 02:16:28, SQM-L,21.78, Up,100%, 37.998, -105.699,  -5, 83, , Crestone  Colorado, Skyguy66
2023-10-02 02:08:21, SQM-L,20.9, Up,90%, 37.998, -105.699,  -0, 90, , Crestone  Colorado, Skyguy66
2023-10-01 02:01:39, SQM-L,20.3, Up,80%, 37.998, -105.699,  4, 96, , Crestone  Colorado, Skyguy66
2023-09-30 01:57:10, SQM-L,19.32, Up,10%, 37.998, -105.699,  8, 99, , Crestone  Colorado, Skyguy66
2023-09-29 01:56:37, SQM-L,18.86, Up,30%, 37.998, -105.699,  13, 100, , Crestone  Colorado, Skyguy66
2023-09-27 11:46:03, SQM-L,20.34, Up,0%, 37.998, -105.699,  -14, 95, , Crestone  Colorado, Skyguy66
2023-09-27 11:00:15, SQM-L,21.12, Up,0%, 37.998, -105.699,  -5, 94, , Crestone  Colorado, Skyguy66
2023-09-26 10:02:13, SQM-L,21.17, Up,0%, 37.998, -105.699,  -9, 87, , Crestone  Colorado, Skyguy66
2023-09-25 08:23:14, SQM-L,21.36, Up,0%, 37.998, -105.699,  -5, 77, , Crestone  Colorado, Skyguy66
2023-09-24 07:37:41, SQM-L,21.58, Up,20%, 37.998, -105.699,  -9, 67, , Crestone  Colorado, Skyguy66
2023-09-23 07:01:01, SQM-L,21.27, Up,0%, 37.998, -105.699,  -14, 55, , Crestone  Colorado, Skyguy66
2023-09-21 09:48:14, SQM-L,22.57, Up,60%, 37.998, -105.699,  -64, 35, , Crestone  Colorado, Skyguy66
2023-09-20 02:19:59, SQM-L,22.05, Up,100%, 37.998, -105.699,  9, 23, , Crestone  Colorado, Skyguy66
2023-09-19 03:49:28, SQM-L,22.56, Up,100%, 37.998, -105.699,  -12, 15, , Crestone  Colorado, Skyguy66
2023-09-17 06:40:17, SQM-L,21.59, Up,0%, 37.998, -105.699,  -51, 4, , Crestone  Colorado, Skyguy66
2023-09-16 10:51:52, SQM-L,22.26, Up,100%, 37.998, -105.699,  -37, 2, , Crestone  Colorado, Skyguy66
2023-09-16 04:07:13, SQM-L,21.84, Up,100%, 37.998, -105.699,  -28, 1, , Crestone  Colorado, Skyguy66
2023-09-15 10:02:59, SQM-L,21.6, Up,10%, 37.998, -105.699,  -34, 0, , Crestone  Colorado, Skyguy66
2023-09-13 07:44:14, SQM-L,22.01, Up,100%, 37.998, -105.699,  -32, 3, , Crestone  Colorado, Skyguy66
2023-09-12 04:05:27, SQM-L,21.53, Up,80%, 37.998, -105.699,  -31, 7, , Crestone  Colorado, Skyguy66
2023-09-11 07:13:53, SQM-L,22.72, Up,100%, 37.998, -105.699,  -18, 12, , Crestone  Colorado, Skyguy66
2023-09-10 04:18:54, SQM-L,21.83, Up,60%, 37.998, -105.699,  -26, 20, , Crestone  Colorado, Skyguy66
2023-09-09 02:57:21, SQM-L,21.7, Up,0%, 37.998, -105.699,  -25, 29, , Crestone  Colorado, Skyguy66
2023-09-08 03:04:12, SQM-L,21.76, Up,0%, 37.998, -105.699,  -23, 38, , Crestone  Colorado, Skyguy66
2023-09-07 03:05:53, SQM-L,21.92, Up,0%, 37.998, -105.699,  -20, 48, , Crestone  Colorado, Skyguy66
2023-09-06 02:59:12, SQM-L,21.44, Up,10%, 37.998, -105.699,  -17, 58, , Crestone  Colorado, Skyguy66
2023-09-05 02:57:50, SQM-L,21.43, Up,20%, 37.998, -105.699,  -13, 69, , Crestone  Colorado, Skyguy66
2023-09-04 02:57:46, SQM-L,21.4, Up,0%, 37.998, -105.699,  -9, 78, , Crestone  Colorado, Skyguy66
2023-09-03 02:57:00, SQM-L,21.42, Up,70%, 37.998, -105.699,  -4, 87, , Crestone  Colorado, Skyguy66
2023-09-02 02:43:33, SQM-L,20.83, Up,80%, 37.998, -105.699,  -1, 94, , Crestone  Colorado, Skyguy66
2023-08-31 02:48:23, SQM-L,19.91, Up,80%, 37.998, -105.699,  10, 100, , Crestone  Colorado, Skyguy66
2023-08-30 11:15:37, SQM-L,19.82, Up,0%, 37.998, -105.699,  5, 99, , Crestone  Colorado, Skyguy66
2023-08-29 10:45:53, SQM-L,21.62, Up,0%, 37.998, -105.699,  -4, 96, , Crestone  Colorado, Skyguy66
2023-08-28 10:21:24, SQM-L,21.88, Up,0%, 37.998, -105.699,  -13, 90, , Crestone  Colorado, Skyguy66
2023-08-27 09:17:05, SQM-L,21.77, Up,100%, 37.998, -105.699,  -14, 81, , Crestone  Colorado, Skyguy66
2023-08-26 08:01:27, SQM-L,21.76, Up,100%, 37.998, -105.699,  -12, 70, , Crestone  Colorado, Skyguy66
2023-08-25 08:54:54, SQM-L,21.36, Up,20%, 37.998, -105.699,  -31, 60, , Crestone  Colorado, Skyguy66
2023-08-24 08:39:42, SQM-L,21.32, Up,0%, 37.998, -105.699,  -37, 49, , Crestone  Colorado, Skyguy66
2023-08-22 05:39:05, SQM-L,21.76, Up,80%, 37.998, -105.699,  -16, 28, , Crestone  Colorado, Skyguy66
2023-08-21 08:29:56, SQM-L,21.44, Up,80%, 37.998, -105.699,  -51, 21, , Crestone  Colorado, Skyguy66
2023-08-20 08:38:29, SQM-L,21.48, Up,0%, 37.998, -105.699,  -52, 14, , Crestone  Colorado, Skyguy66
2023-08-19 03:32:06, SQM-L,21.56, Up,80%, 37.998, -105.699,  -4, 7, , Crestone  Colorado, Skyguy66
2023-08-18 04:49:23, SQM-L,22.23, Up,100%, 37.998, -105.699,  -22, 3, , Crestone  Colorado, Skyguy66
2023-08-17 08:09:36, SQM-L,21.57, Up,0%, 37.998, -105.699,  -39, 1, , Crestone  Colorado, Skyguy66
2023-08-17 04:28:20, SQM-L,21.76, Up,90%, 37.998, -105.699,  -21, 1, , Crestone  Colorado, Skyguy66
2023-08-17 04:28:20, SQM-L,21.76, Up,70%, 37.998, -105.699,  -21, 1, , Crestone  Colorado, Skyguy66
2023-08-15 06:21:44, SQM-L,21.87, Up,100%, 37.998, -105.699,  -30, 1, , Crestone  Colorado, Skyguy66
2023-08-13 04:30:29, SQM,21.82, Up,90%, 37.998, -105.699,  -25, 9, , Crestone  Colorado, Skyguy66
2023-08-12 04:50:31, SQM-L,21.74, Up,90%, 37.998, -105.699,  -24, 15, , Crestone  Colorado, Skyguy66
2023-08-11 08:27:12, SQM-L,21.55, Up,10%, 37.998, -105.699,  8, 22, , Crestone  Colorado, Skyguy66
2023-08-09 05:59:50, SQM-L,21.87, Up,90%, 37.998, -105.699,  -3, 41, , Crestone  Colorado, Skyguy66
2023-08-08 03:48:32, SQM-L,21.36, Up,10%, 37.998, -105.699,  -20, 53, , Crestone  Colorado, Skyguy66
2023-08-07 04:39:04, SQM-L,21.58, Up,0%, 37.998, -105.699,  -7, 63, , Crestone  Colorado, Skyguy66
2023-08-06 03:36:00, SQM-L,21.56, Up,10%, 37.998, -105.699,  -14, 74, , Crestone  Colorado, Skyguy66
2023-08-05 03:47:42, SQM-L,21.47, Up,10%, 37.998, -105.699,  -7, 84, , Crestone  Colorado, Skyguy66
2023-08-04 03:40:26, SQM-L,21.32, Up,40%, 37.998, -105.699,  -3, 91, , Crestone  Colorado, Skyguy66
2023-08-03 03:31:54, SQM-L,20.62, Up,60%, 37.998, -105.699,  1, 97, , Crestone  Colorado, Skyguy66
2023-08-03 03:31:54, SQM-L,20.62, Up,60%, 37.998, -105.699,  1, 97, , Crestone  Colorado, Skyguy66
2023-08-02 03:27:43, SQM-L,19.67, Up,70%, 37.998, -105.699,  6, 100, , Crestone  Colorado, Skyguy66
2023-08-01 10:53:26, SQM-L,19.48, Up,10%, 37.998, -105.699,  6, 100, , Crestone  Colorado, Skyguy66
2023-07-31 10:33:20, SQM-L,21.37, Up,0%, 37.998, -105.699,  -3, 97, , Crestone  Colorado, Skyguy66
2023-07-30 10:30:33, SQM-L,21.55, Up,0%, 37.998, -105.699,  -14, 92, , Crestone  Colorado, Skyguy66
2023-07-29 09:28:11, SQM-L,21.52, Up,0%, 37.998, -105.699,  -14, 84, , Crestone  Colorado, Skyguy66
2023-07-28 08:09:10, SQM-L,21.56, Up,0%, 37.998, -105.699,  -8, 75, , Crestone  Colorado, Skyguy66
2023-07-27 08:11:06, SQM-L,21.53, Up,0%, 37.998, -105.699,  -16, 65, , Crestone  Colorado, Skyguy66
2023-07-26 04:39:58, SQM-L,21.68, Up,100%, 37.998, -105.699,  16, 53, , Crestone  Colorado, Skyguy66
2023-07-25 05:57:44, SQM-L,21.57, Up,30%, 37.998, -105.699,  -1, 43, , Crestone  Colorado, Skyguy66
2023-07-24 10:05:15, SQM-L,21.53, Up,0%, 37.998, -105.699,  -49, 35, , Crestone  Colorado, Skyguy66
2023-07-24 05:26:18, SQM-L,21.66, Up,40%, 37.998, -105.699,  1, 33, , Crestone  Colorado, Skyguy66
2023-07-22 04:45:44, SQM-L,21.78, Up,60%, 37.998, -105.699,  0, 17, , Crestone  Colorado, Skyguy66
2023-07-21 04:18:33, SQM-L,21.79, Up,70%, 37.998, -105.699,  1, 10, , Crestone  Colorado, Skyguy66
2023-07-20 04:49:36, SQM-L,21.82, Up,80%, 37.998, -105.699,  -9, 5, , Crestone  Colorado, Skyguy66
2023-07-18 04:12:21, SQM-L,21.65, Up,30%, 37.998, -105.699,  -12, 0, , Crestone  Colorado, Skyguy66
2023-07-17 04:20:07, SQM-L,21.8, Up,0%, 37.998, -105.699,  -18, 0, , Crestone  Colorado, Skyguy66
2023-07-16 04:34:14, SQM-L,21.65, Up,0%, 37.998, -105.699,  -22, 2, , Crestone  Colorado, Skyguy66
2023-07-15 04:15:25, SQM-L,21.72, Up,10%, 37.998, -105.699,  -25, 6, , Crestone  Colorado, Skyguy66
2023-07-14 04:54:13, SQM-L,21.54, Up,40%, 37.998, -105.699,  -27, 12, , Crestone  Colorado, Skyguy66
2023-07-13 04:14:08, SQM-L,22.13, Up,80%, 37.998, -105.699,  -30, 19, , Crestone  Colorado, Skyguy66
2023-07-12 07:40:46, SQM-L,21.81, Up,60%, 37.998, -105.699,  -0, 27, , Crestone  Colorado, Skyguy66
2023-07-11 05:00:33, SQM-L,21.79, Up,0%, 37.998, -105.699,  -23, 38, , Crestone  Colorado, Skyguy66
2023-07-10 04:44:17, SQM-L,21.62, Up,0%, 37.998, -105.699,  -23, 49, , Crestone  Colorado, Skyguy66
2023-07-09 04:22:42, SQM-L,21.78, Up,0%, 37.998, -105.699,  -23, 60, , Crestone  Colorado, Skyguy66
2023-07-08 04:18:37, SQM-L,21.77, Up,0%, 37.998, -105.699,  -19, 71, , Crestone  Colorado, Skyguy66
2023-07-07 04:17:55, SQM-L,21.73, Up,0%, 37.998, -105.699,  -14, 81, , Crestone  Colorado, Skyguy66
2023-07-06 04:22:11, SQM-L,21.89, Up,0%, 37.998, -105.699,  -6, 89, , Crestone  Colorado, Skyguy66
2023-07-05 04:06:32, SQM-L,21.44, Up,70%, 37.998, -105.699,  -1, 96, , Crestone  Colorado, Skyguy66
2023-07-04 03:54:40, SQM-L,20.14, Up,0%, 37.998, -105.699,  4, 99, , Crestone  Colorado, Skyguy66
2023-07-03 10:15:20, SQM-L,19.27, Up,0%, 37.998, -105.699,  10, 100, , Crestone  Colorado, Skyguy66
2023-07-02 10:15:59, SQM-L,20.63, Up,0%, 37.998, -105.699,  1, 98, , Crestone  Colorado, Skyguy66
2023-07-01 10:02:42, SQM-L,21.58, Up,30%, 37.998, -105.699,  -6, 94, , Crestone  Colorado, Skyguy66
2023-06-30 10:05:17, SQM-L,21.77, Up,20%, 37.998, -105.699,  -14, 88, , Crestone  Colorado, Skyguy66
2023-06-29 08:52:19, SQM-L,22.63, Up,90%, 37.998, -105.699,  -7, 79, , Crestone  Colorado, Skyguy66
2023-06-28 09:50:54, SQM-L,21.52, Up,0%, 37.998, -105.699,  -24, 70, , Crestone  Colorado, Skyguy66
2023-06-27 09:36:36, SQM-L,22.69, Up,90%, 37.998, -105.699,  -25, 61, , Crestone  Colorado, Skyguy66
2023-06-26 07:16:54, SQM-L,21.47, Up,0%, 37.998, -105.699,  -3, 50, , Crestone  Colorado, Skyguy66
2023-06-25 07:01:01, SQM-L,21.65, Up,0%, 37.998, -105.699,  -4, 40, , Crestone  Colorado, Skyguy66
2023-06-24 06:15:26, SQM-L,21.67, Up,0%, 37.998, -105.699,  1, 31, , Crestone  Colorado, Skyguy66
2023-06-23 06:31:37, SQM-L,22.32, Up,90%, 37.998, -105.699,  -7, 22, , Crestone  Colorado, Skyguy66
2023-06-22 05:26:48, SQM-L,21.75, Up,20%, 37.998, -105.699,  0, 15, , Crestone  Colorado, Skyguy66
2023-06-21 05:49:07, SQM-L,21.81, Up,0%, 37.998, -105.699,  -9, 9, , Crestone  Colorado, Skyguy66
2023-06-19 05:18:39, SQM-L,21.79, Up,30%, 37.998, -105.699,  -15, 1, , Crestone  Colorado, Skyguy66
2023-06-18 05:28:47, SQM-L,21.86, Up,0%, 37.998, -105.699,  -22, 0, , Crestone  Colorado, Skyguy66
2023-06-17 04:57:54, SQM-L,21.57, Up,20%, 37.998, -105.699,  -25, 1, , Crestone  Colorado, Skyguy66
2023-06-16 04:52:57, SQM-L,22.33, Up,100%, 37.998, -105.699,  -30, 4, , Crestone  Colorado, Skyguy66
2023-06-15 09:31:34, SQM-L,22.46, Up,90%, 37.998, -105.699,  -2, 8, , Crestone  Colorado, Skyguy66
2023-06-14 04:09:42, SQM-L,22.33, Up,80%, 37.998, -105.699,  -39, 16, , Crestone  Colorado, Skyguy66
2023-06-13 06:57:30, SQM-L,21.9, Up,90%, 37.998, -105.699,  -20, 24, , Crestone  Colorado, Skyguy66
2023-06-12 06:48:22, SQM-L,22.67, Up,100%, 37.998, -105.699,  -18, 34, , Crestone  Colorado, Skyguy66
2023-06-11 05:35:21, SQM-L,21.9, Up,20%, 37.998, -105.699,  -27, 45, , Crestone  Colorado, Skyguy66
2023-06-10 04:24:55, SQM-L,21.98, Up,20%, 37.998, -105.699,  -35, 57, , Crestone  Colorado, Skyguy66
2023-06-09 04:42:49, SQM-L,21.84, Up,40%, 37.998, -105.699,  -26, 68, , Crestone  Colorado, Skyguy66
2023-06-08 05:39:35, SQM-L,22.26, Up,100%, 37.998, -105.699,  -8, 78, , Crestone  Colorado, Skyguy66
2023-06-06 04:25:29, SQM-L,21.86, Up,90%, 37.998, -105.699,  -3, 94, , Crestone  Colorado, Skyguy66
2023-06-05 03:46:47, SQM-L,21.47, Up,100%, 37.998, -105.699,  1, 99, , Crestone  Colorado, Skyguy66
2023-06-04 10:13:36, SQM-L,19.35, Up,10%, 37.998, -105.699,  12, 100, , Crestone  Colorado, Skyguy66
2023-06-03 10:19:23, SQM-L,19.75, Up,0%, 37.998, -105.699,  6, 99, , Crestone  Colorado, Skyguy66
2023-06-02 10:12:02, SQM-L,20.58, Up,0%, 37.998, -105.699,  1, 96, , Crestone  Colorado, Skyguy66
2023-06-01 10:06:33, SQM-L,21.25, Up,30%, 37.998, -105.699,  -3, 91, , Crestone  Colorado, Skyguy66
2023-05-31 09:28:15, SQM-L,21.16, Up,20%, 37.998, -105.699,  -0, 84, , Crestone  Colorado, Skyguy66
2023-05-30 09:18:51, SQM-L,21.56, Up,30%, 37.998, -105.699,  -4, 76, , Crestone  Colorado, Skyguy66
2023-05-29 08:54:36, SQM-L,21.6, Up,0%, 37.998, -105.699,  -3, 66, , Crestone  Colorado, Skyguy66
2023-05-28 08:29:38, SQM-L,21.63, Up,10%, 37.998, -105.699,  -3, 57, , Crestone  Colorado, Skyguy66
2023-05-27 06:49:51, SQM-L,21.94, Up,80%, 37.998, -105.699,  12, 47, , Crestone  Colorado, Skyguy66
2023-05-26 09:28:44, SQM-L,22.48, Up,90%, 37.998, -105.699,  -20, 38, , Crestone  Colorado, Skyguy66
2023-05-24 06:36:50, SQM-L,22.11, Up,90%, 37.998, -105.699,  -3, 20, , Crestone  Colorado, Skyguy66
2023-05-23 07:21:31, SQM-L,21.76, Up,0%, 37.998, -105.699,  -15, 13, , Crestone  Colorado, Skyguy66
2023-05-22 05:06:17, SQM-L,21.69, Up,0%, 37.998, -105.699,  -4, 7, , Crestone  Colorado, Skyguy66
2023-05-21 04:20:49, SQM-L,21.87, Up,90%, 37.998, -105.699,  -6, 2, , Crestone  Colorado, Skyguy66
2023-05-19 07:27:36, SQM-L,22.34, Up,90%, 37.998, -105.699,  -31, 0, , Crestone  Colorado, Skyguy66
2023-05-18 04:29:08, SQM-L,21.8, Up,70%, 37.998, -105.699,  -35, 2, , Crestone  Colorado, Skyguy66
2023-05-17 04:18:50, SQM-L,21.93, Up,70%, 37.998, -105.699,  -43, 7, , Crestone  Colorado, Skyguy66
2023-05-16 03:50:01, SQM-L,22.18, Up,100%, 37.998, -105.699,  -50, 14, , Crestone  Colorado, Skyguy66
2023-05-15 08:34:04, SQM-L,21.83, Up,60%, 37.998, -105.699,  -15, 21, , Crestone  Colorado, Skyguy66
2023-05-14 04:15:19, SQM-L,21.9, Up,90%, 37.998, -105.699,  -56, 32, , Crestone  Colorado, Skyguy66
2023-05-13 04:50:08, SQM-L,21.89, Up,30%, 37.998, -105.699,  -46, 43, , Crestone  Colorado, Skyguy66
2023-05-12 04:16:30, SQM-L,22.07, Up,100%, 37.998, -105.699,  -46, 55, , Crestone  Colorado, Skyguy66
2023-05-11 08:06:24, SQM-L,22.31, Up,100%, 37.998, -105.699,  4, 64, , Crestone  Colorado, Skyguy66
2023-05-10 06:22:01, SQM-L,21.69, Up,0%, 37.998, -105.699,  -5, 76, , Crestone  Colorado, Skyguy66
2023-05-09 03:47:27, SQM-L,21.8, Up,0%, 37.998, -105.699,  -21, 86, , Crestone  Colorado, Skyguy66
2023-05-08 04:09:41, SQM-L,21.58, Up,0%, 37.998, -105.699,  -6, 93, , Crestone  Colorado, Skyguy66
2023-05-07 03:21:19, SQM-L,21.09, Up,70%, 37.998, -105.699,  -3, 98, , Crestone  Colorado, Skyguy66
2023-05-06 03:12:38, SQM-L,19.42, Up,10%, 37.998, -105.699,  8, 100, , Crestone  Colorado, Skyguy66
2023-05-05 10:45:13, SQM-L,19.19, Up,0%, 37.998, -105.699,  11, 100, , Crestone  Colorado, Skyguy66
2023-05-04 10:50:56, SQM-L,20.7, Up,100%, 37.998, -105.699,  6, 98, , Crestone  Colorado, Skyguy66
2023-05-03 10:50:35, SQM-L,20.33, Up,30%, 37.998, -105.699,  2, 94, , Crestone  Colorado, Skyguy66
2023-05-02 10:40:44, SQM-L,21.25, Up,50%, 37.998, -105.699,  -0, 89, , Crestone  Colorado, Skyguy66
2023-05-01 10:29:05, SQM-L,21.45, Up,30%, 37.998, -105.699,  -3, 82, , Crestone  Colorado, Skyguy66
2023-04-30 10:07:50, SQM-L,21.43, Up,30%, 37.998, -105.699,  -3, 73, , Crestone  Colorado, Skyguy66
2023-04-29 09:49:31, SQM-L,21.55, Up,0%, 37.998, -105.699,  -4, 64, , Crestone  Colorado, Skyguy66
2023-04-28 08:33:22, SQM-L,21.65, Up,90%, 37.998, -105.699,  4, 54, , Crestone  Colorado, Skyguy66
2023-04-27 09:05:41, SQM-L,21.71, Up,0%, 37.998, -105.699,  -7, 45, , Crestone  Colorado, Skyguy66
2023-04-26 08:50:15, SQM-L,21.37, Up,90%, 37.998, -105.699,  -10, 36, , Crestone  Colorado, Skyguy66
2023-04-25 07:42:09, SQM-L,22.44, Up,100%, 37.998, -105.699,  -8, 26, , Crestone  Colorado, Skyguy66
2023-04-24 10:18:26, SQM-L,21.92, Up,80%, 37.998, -105.699,  -25, 19, , Crestone  Colorado, Skyguy66
2023-04-23 07:56:55, SQM-L,21.81, Up,70%, 37.998, -105.699,  -23, 11, , Crestone  Colorado, Skyguy66
2023-04-22 10:14:12, SQM-L,22.1, Up,90%, 37.998, -105.699,  -27, 6, , Crestone  Colorado, Skyguy66
2023-04-21 05:19:54, SQM-L,21.85, Up,0%, 37.998, -105.699,  -25, 1, , Crestone  Colorado, Skyguy66
2023-04-20 06:34:10, SQM-L,21.89, Up,70%, 37.998, -105.699,  -41, 0, , Crestone  Colorado, Skyguy66
2023-04-19 07:51:30, SQM-L,22.22, Up,0%, 37.998, -105.699,  -42, 1, , Crestone  Colorado, Skyguy66
2023-04-18 07:59:21, SQM-L,21.92, Up,0%, 37.998, -105.699,  -41, 4, , Crestone  Colorado, Skyguy66
2023-04-17 07:41:11, SQM-L,21.99, Up,0%, 37.998, -105.699,  -42, 10, , Crestone  Colorado, Skyguy66
2023-04-16 07:29:01, SQM-L,22.1, Up,0%, 37.998, -105.699,  -39, 18, , Crestone  Colorado, Skyguy66
2023-04-15 10:08:39, SQM-L,22.07, Up,0%, 37.998, -105.699,  -2, 27, , Crestone  Colorado, Skyguy66
2023-04-15 03:35:37, SQM-L,22.13, Up,100%, 37.998, -105.699,  -71, 30, , Crestone  Colorado, Skyguy66
2023-04-14 08:39:49, SQM-L,21.99, Up,80%, 37.998, -105.699,  -11, 39, , Crestone  Colorado, Skyguy66
2023-04-13 07:09:37, SQM-L,22.3, Up,70%, 37.998, -105.699,  -18, 51, , Crestone  Colorado, Skyguy66
2023-04-12 07:21:27, SQM-L,22.04, Up,0%, 37.998, -105.699,  -7, 62, , Crestone  Colorado, Skyguy66
2023-04-11 05:45:18, SQM-L,21.96, Up,0%, 37.998, -105.699,  -12, 73, , Crestone  Colorado, Skyguy66
2023-04-10 05:10:41, SQM-L,21.83, Up,0%, 37.998, -105.699,  -6, 83, , Crestone  Colorado, Skyguy66
2023-04-09 03:58:31, SQM-L,21.77, Up,60%, 37.998, -105.699,  -7, 90, , Crestone  Colorado, Skyguy66
2023-04-08 03:04:20, SQM-L,21.62, Up,20%, 37.998, -105.699,  -5, 96, , Crestone  Colorado, Skyguy66
2023-04-07 02:42:01, SQM-L,20.15, Up,20%, 37.998, -105.699,  4, 99, , Crestone  Colorado, Skyguy66
2023-04-06 11:31:49, SQM-L,18.99, Up,0%, 37.998, -105.699,  16, 100, , Crestone  Colorado, Skyguy66
2023-04-04 11:16:32, SQM-L,20.58, Up,80%, 37.998, -105.699,  11, 97, , Crestone  Colorado, Skyguy66
2023-04-03 11:31:25, SQM-L,21.0, Up,20%, 37.998, -105.699,  3, 93, , Crestone  Colorado, Skyguy66
2023-04-02 11:28:54, SQM-L,21.38, Up,0%, 37.998, -105.699,  -0, 87, , Crestone  Colorado, Skyguy66
2023-04-01 11:14:47, SQM-L,21.59, Up,0%, 37.998, -105.699,  -3, 80, , Crestone  Colorado, Skyguy66
2023-03-31 10:35:27, SQM-L,21.7, Up,30%, 37.998, -105.699,  -2, 72, , Crestone  Colorado, Skyguy66
2023-03-30 10:11:17, SQM-L,21.74, Up,10%, 37.998, -105.699,  -4, 62, , Crestone  Colorado, Skyguy66
2023-03-29 09:23:04, SQM-L,21.95, Up,10%, 37.998, -105.699,  -4, 53, , Crestone  Colorado, Skyguy66
2023-03-28 09:19:55, SQM-L,21.72, Up,0%, 37.998, -105.699,  -10, 43, , Crestone  Colorado, Skyguy66
2023-03-27 07:31:44, SQM-L,21.84, Up,30%, 37.998, -105.699,  -4, 33, , Crestone  Colorado, Skyguy66
2023-03-26 08:04:36, SQM-L,21.88, Up,0%, 37.998, -105.699,  -18, 24, , Crestone  Colorado, Skyguy66
2023-03-25 08:03:22, SQM-L,21.81, Up,20%, 37.998, -105.699,  -27, 16, , Crestone  Colorado, Skyguy66
2023-03-24 08:18:06, SQM-L,21.8, Up,0%, 37.998, -105.699,  -37, 9, , Crestone  Colorado, Skyguy66
2023-03-23 07:36:08, SQM-L,21.84, Up,0%, 37.998, -105.699,  -43, 3, , Crestone  Colorado, Skyguy66
2023-03-22 06:02:53, SQM-L,22.0, Up,100%, 37.998, -105.699,  -46, 0, , Crestone  Colorado, Skyguy66
2023-03-21 04:51:39, SQM-L,21.92, Up,90%, 37.998, -105.699,  -49, 0, , Crestone  Colorado, Skyguy66
2023-03-19 05:30:06, SQM-L,21.88, Up,0%, 37.998, -105.699,  -70, 9, , Crestone  Colorado, Skyguy66
2023-03-18 08:23:33, SQM-L,22.37, Up,0%, 37.998, -105.699,  -37, 16, , Crestone  Colorado, Skyguy66
2023-03-17 05:50:08, SQM-L,21.72, Up,90%, 37.998, -105.699,  -56, 26, , Crestone  Colorado, Skyguy66
2023-03-16 06:13:17, SQM-L,22.03, Up,80%, 37.998, -105.699,  -41, 37, , Crestone  Colorado, Skyguy66
2023-03-15 04:02:33, SQM-L,22.0, Up,90%, 37.998, -105.699,  -53, 49, , Crestone  Colorado, Skyguy66
2023-03-14 06:25:36, SQM-L,21.89, Up,0%, 37.998, -105.699,  -15, 59, , Crestone  Colorado, Skyguy66
2023-03-13 04:45:37, SQM-L,21.71, Up,20%, 37.998, -105.699,  -21, 70, , Crestone  Colorado, Skyguy66
2023-03-12 03:08:49, SQM-L,21.81, Up,100%, 37.998, -105.699,  -27, 80, , Crestone  Colorado, Skyguy66
2023-03-11 02:44:05, SQM-L,21.86, Up,100%, 37.998, -105.699,  -20, 88, , Crestone  Colorado, Skyguy66
2023-03-10 03:07:22, SQM-L,21.37, Up,0%, 37.998, -105.699,  -4, 93, , Crestone  Colorado, Skyguy66
2023-03-09 02:21:15, SQM-L,21.69, Up,90%, 37.998, -105.699,  -1, 98, , Crestone  Colorado, Skyguy66
2023-03-07 01:03:02, SQM-L,18.53, Up,60%, 37.998, -105.699,  7, 100, , Crestone  Colorado, Skyguy66
2023-03-06 12:19:46, SQM-L,19.68, Up,20%, 37.998, -105.699,  11, 99, , Crestone  Colorado, Skyguy66
2023-03-05 12:15:42, SQM-L,20.08, Up,0%, 37.998, -105.699,  7, 96, , Crestone  Colorado, Skyguy66
2023-03-04 12:18:40, SQM-L,20.94, Up,10%, 37.998, -105.699,  1, 92, , Crestone  Colorado, Skyguy66
2023-03-03 12:08:21, SQM-L,21.62, Up,10%, 37.998, -105.699,  -3, 86, , Crestone  Colorado, Skyguy66
2023-03-02 11:34:06, SQM-L,21.57, Up,30%, 37.998, -105.699,  -5, 78, , Crestone  Colorado, Skyguy66
2023-03-01 11:27:16, SQM-L,21.54, Up,80%, 37.998, -105.699,  -10, 70, , Crestone  Colorado, Skyguy66
2023-02-27 08:43:50, SQM-L,21.91, Up,0%, 37.998, -105.699,  -4, 50, , Crestone  Colorado, Skyguy66
2023-02-26 08:25:32, SQM-L,21.84, Up,10%, 37.998, -105.699,  -11, 40, , Crestone  Colorado, Skyguy66
2023-02-25 07:37:02, SQM-L,21.71, Up,30%, 37.998, -105.699,  -15, 30, , Crestone  Colorado, Skyguy66
2023-02-24 07:54:04, SQM-L,21.67, Up,20%, 37.998, -105.699,  -29, 21, , Crestone  Colorado, Skyguy66
2023-02-23 07:36:47, SQM-L,21.79, Up,10%, 37.998, -105.699,  -38, 12, , Crestone  Colorado, Skyguy66
2023-02-22 09:03:33, SQM-L,21.76, Up,20%, 37.998, -105.699,  -54, 6, , Crestone  Colorado, Skyguy66
2023-02-21 08:05:04, SQM-L,21.73, Up,0%, 37.998, -105.699,  -61, 2, , Crestone  Colorado, Skyguy66
2023-02-20 08:25:35, SQM-L,21.78, Up,0%, 37.998, -105.699,  -64, 0, , Crestone  Colorado, Skyguy66
2023-02-19 10:25:13, SQM-L,21.7, Up,0%, 37.998, -105.699,  -38, 1, , Crestone  Colorado, Skyguy66
2023-02-18 05:26:32, SQM-L,21.77, Up,60%, 37.998, -105.699,  -77, 6, , Crestone  Colorado, Skyguy66
2023-02-17 06:29:01, SQM-L,22.05, Up,10%, 37.998, -105.699,  -62, 13, , Crestone  Colorado, Skyguy66
2023-02-16 08:53:29, SQM-L,22.39, Up,20%, 37.998, -105.699,  -24, 21, , Crestone  Colorado, Skyguy66
2023-02-15 07:31:34, SQM-L,21.52, Up,90%, 37.998, -105.699,  -27, 32, , Crestone  Colorado, Skyguy66
2023-02-14 06:57:49, SQM-L,21.98, Up,100%, 37.998, -105.699,  -21, 43, , Crestone  Colorado, Skyguy66
2023-02-13 07:18:20, SQM-L,21.73, Up,10%, 37.998, -105.699,  -5, 54, , Crestone  Colorado, Skyguy66
2023-02-12 06:13:15, SQM-L,21.72, Up,90%, 37.998, -105.699,  -5, 65, , Crestone  Colorado, Skyguy66
2023-02-11 05:10:43, SQM-L,21.52, Up,0%, 37.998, -105.699,  -5, 74, , Crestone  Colorado, Skyguy66
2023-02-10 04:06:05, SQM-L,21.43, Up,0%, 37.998, -105.699,  -5, 83, , Crestone  Colorado, Skyguy66
2023-02-09 01:46:11, SQM-L,21.36, Up,0%, 37.998, -105.699,  -20, 90, , Crestone  Colorado, Skyguy66
2023-02-08 02:04:22, SQM-L,21.28, Up,0%, 37.998, -105.699,  -6, 95, , Crestone  Colorado, Skyguy66
2023-02-07 02:43:34, SQM-L,20.42, Up,0%, 37.998, -105.699,  13, 98, , Crestone  Colorado, Skyguy66
2023-02-06 01:45:10, SQM-L,19.37, Up,0%, 37.998, -105.699,  13, 100, , Crestone  Colorado, Skyguy66
2023-02-04 12:50:12, SQM-L,19.75, Up,0%, 37.998, -105.699,  10, 99, , Crestone  Colorado, Skyguy66
2023-02-03 12:49:58, SQM-L,20.56, Up,0%, 37.998, -105.699,  3, 96, , Crestone  Colorado, Skyguy66
2023-02-02 12:38:33, SQM-L,21.53, Up,0%, 37.998, -105.699,  -3, 91, , Crestone  Colorado, Skyguy66
2023-02-01 12:24:41, SQM-L,21.78, Up,0%, 37.998, -105.699,  -9, 85, , Crestone  Colorado, Skyguy66
2023-01-31 10:58:30, SQM-L,21.64, Up,40%, 37.998, -105.699,  -5, 77, , Crestone  Colorado, Skyguy66
2023-01-30 09:39:42, SQM-L,21.55, Up,50%, 37.998, -105.699,  -2, 67, , Crestone  Colorado, Skyguy66
2023-01-29 09:32:41, SQM-L,21.85, Up,80%, 37.998, -105.699,  -12, 58, , Crestone  Colorado, Skyguy66
2023-01-28 07:32:15, SQM-L,21.55, Up,80%, 37.998, -105.699,  -3, 47, , Crestone  Colorado, Skyguy66
2023-01-27 10:48:02, SQM-L,21.75, Up,10%, 37.998, -105.699,  -42, 38, , Crestone  Colorado, Skyguy66
2023-01-26 11:54:08, SQM-L,21.95, Up,10%, 37.998, -105.699,  -50, 28, , Crestone  Colorado, Skyguy66
2023-01-25 10:57:13, SQM-L,21.59, Up,20%, 37.998, -105.699,  -57, 18, , Crestone  Colorado, Skyguy66
2023-01-24 12:02:27, SQM-L,21.8, Up,10%, 37.998, -105.699,  -50, 10, , Crestone  Colorado, Skyguy66
2023-01-23 11:24:08, SQM-L,21.63, Up,90%, 37.998, -105.699,  -52, 4, , Crestone  Colorado, Skyguy66
2023-01-22 10:11:29, SQM-L,21.59, Up,10%, 37.998, -105.699,  -57, 0, , Crestone  Colorado, Skyguy66
2023-01-21 10:43:12, SQM-L,22.1, Up,80%, 37.998, -105.699,  -41, 0, , Crestone  Colorado, Skyguy66
2023-01-20 06:01:12, SQM-L,22.07, Up,80%, 37.998, -105.699,  -78, 4, , Crestone  Colorado, Skyguy66
2023-01-19 11:47:51, SQM-L,21.76, Up,20%, 37.998, -105.699,  -7, 8, , Crestone  Colorado, Skyguy66
2023-01-18 06:42:26, SQM-L,22.14, Up,100%, 37.998, -105.699,  -49, 18, , Crestone  Colorado, Skyguy66
2023-01-18 05:22:25, SQM-L,22.05, Up,100%, 37.998, -105.699,  -63, 18, , Crestone  Colorado, Skyguy66
2023-01-17 01:43:31, SQM-L,21.78, Up,90%, 37.998, -105.699,  -69, 29, , Crestone  Colorado, Skyguy66
2023-01-16 08:13:08, SQM-L,21.59, Up,80%, 37.998, -105.699,  -7, 37, , Crestone  Colorado, Skyguy66
2023-01-15 03:12:48, SQM-L,21.83, Up,90%, 37.998, -105.699,  -49, 50, , Crestone  Colorado, Skyguy66
2023-01-14 03:49:07, SQM-L,21.47, Up,0%, 37.998, -105.699,  -32, 59, , Crestone  Colorado, Skyguy66
2023-01-13 03:54:43, SQM-L,21.43, Up,20%, 37.998, -105.699,  -20, 69, , Crestone  Colorado, Skyguy66
2023-01-11 19:08:12, SQM-L,21.54, Up,0%, 37.998, -105.699,  -21, 80, , Crestone  Colorado, Skyguy66
2023-01-10 19:29:37, SQM-L,21.67, Up,80%, 37.998, -105.699,  -26, 87, , Crestone  Colorado, Skyguy66
2023-01-09 19:14:19, SQM-L,21.39, Up,50%, 37.998, -105.699,  -26, 93, , Crestone  Colorado, Skyguy66
2023-01-08 18:25:58, SQM-L,21.31, Up,10%, 37.998, -105.699,  -22, 97, , Crestone  Colorado, Skyguy66
2023-01-07 18:14:39, SQM-L,20.03, Up,10%, 37.998, -105.699,  -23, 99, , Crestone  Colorado, Skyguy66
2023-01-06 06:00:11, SQM-L,19.28, Up,70%, 37.998, -105.699,  77, 100, , Crestone  Colorado, Skyguy66
2023-01-05 05:49:14, SQM-L,19.76, Up,10%, 37.998, -105.699,  79, 97, , Crestone  Colorado, Skyguy66
2023-01-03 04:55:30, SQM-L,21.33, Up,80%, 37.998, -105.699,  71, 87, , Crestone  Colorado, Skyguy66
2023-01-02 04:30:20, SQM-L,21.34, Up,100%, 37.998, -105.699,  64, 80, , Crestone  Colorado, Skyguy66
2023-01-01 03:55:55, SQM-L,22.05, Up,90%, 37.998, -105.699,  59, 71, , Crestone  Colorado, Skyguy66
2022-12-31 05:01:11, SQM-L,21.43, Up,70%, 37.998, -105.699,  37, 62, , Crestone  Colorado, Skyguy66
2022-12-30 05:36:12, SQM-L,21.54, Up,70%, 37.998, -105.699,  19, 52, , Crestone  Colorado, Skyguy66
2022-12-29 01:53:40, SQM-L,21.99, Up,90%, 37.998, -105.699,  41, 39, , Crestone  Colorado, Skyguy66
2022-12-28 04:32:42, SQM-L,21.84, Up,90%, 37.998, -105.699,  5, 30, , Crestone  Colorado, Skyguy66
2022-12-26 05:12:02, SQM-L,21.76, Up,30%, 37.998, -105.699,  -29, 11, , Crestone  Colorado, Skyguy66
2022-12-24 20:52:12, SQM-L,21.7, Up,0%, 37.998, -105.699,  25, 3, , Crestone  Colorado, Skyguy66
2022-12-23 04:28:26, SQM-L,21.74, Up,30%, 37.998, -105.699,  -60, 0, , Crestone  Colorado, Skyguy66
2022-12-22 19:44:24, SQM-L,21.62, Up,0%, 37.998, -105.699,  22, 1, , Crestone  Colorado, Skyguy66
2022-12-21 23:36:08, SQM-L,21.98, Up,100%, 37.998, -105.699,  -16, 3, , Crestone  Colorado, Skyguy66
2022-12-20 03:55:11, SQM-L,21.69, Up,0%, 37.998, -105.699,  -68, 14, , Crestone  Colorado, Skyguy66
2022-12-19 19:09:22, SQM-L,21.66, Up,0%, 37.998, -105.699,  17, 17, , Crestone  Colorado, Skyguy66
2022-12-18 20:11:47, SQM-L,21.59, Up,10%, 37.998, -105.699,  2, 26, , Crestone  Colorado, Skyguy66
2022-12-17 20:28:21, SQM-L,21.67, Up,0%, 37.998, -105.699,  -6, 35, , Crestone  Colorado, Skyguy66
2022-12-16 19:13:33, SQM-L,21.68, Up,0%, 37.998, -105.699,  4, 46, , Crestone  Colorado, Skyguy66
2022-12-15 19:05:22, SQM-L,21.77, Up,20%, 37.998, -105.699,  1, 56, , Crestone  Colorado, Skyguy66
2022-12-14 19:59:12, SQM-L,21.72, Up,80%, 37.998, -105.699,  -13, 65, , Crestone  Colorado, Skyguy66
2022-12-13 21:24:49, SQM-L,21.68, Up,70%, 37.998, -105.699,  -28, 73, , Crestone  Colorado, Skyguy66
2022-12-12 18:29:44, SQM-L,21.82, Up,90%, 37.998, -105.699,  -7, 82, , Crestone  Colorado, Skyguy66
2022-12-11 19:07:20, SQM-L,21.61, Up,10%, 37.998, -105.699,  -17, 88, , Crestone  Colorado, Skyguy66
2022-12-10 18:26:15, SQM-L,21.62, Up,0%, 37.998, -105.699,  -16, 94, , Crestone  Colorado, Skyguy66
2022-12-09 18:02:07, SQM-L,20.68, Up,0%, 37.998, -105.699,  -19, 98, , Crestone  Colorado, Skyguy66
2022-12-08 18:02:31, SQM-L,19.76, Up,0%, 37.998, -105.699,  -24, 100, , Crestone  Colorado, Skyguy66
2022-12-07 05:46:21, SQM-L,19.35, Up,90%, 37.998, -105.699,  74, 99, , Crestone  Colorado, Skyguy66
2022-12-06 05:46:04, SQM-L,21.16, Up,50%, 37.998, -105.699,  70, 96, , Crestone  Colorado, Skyguy66
2022-12-05 05:08:24, SQM-L,21.65, Up,60%, 37.998, -105.699,  65, 92, , Crestone  Colorado, Skyguy66
2022-12-04 05:04:13, SQM-L,21.6, Up,90%, 37.998, -105.699,  56, 85, , Crestone  Colorado, Skyguy66
2022-12-03 05:10:37, SQM-L,21.39, Up,90%, 37.998, -105.699,  45, 77, , Crestone  Colorado, Skyguy66
2022-12-02 02:31:33, SQM-L,21.81, Up,100%, 37.998, -105.699,  47, 66, , Crestone  Colorado, Skyguy66
2022-12-01 04:37:49, SQM-L,21.51, Up,0%, 37.998, -105.699,  26, 56, , Crestone  Colorado, Skyguy66
2022-11-30 05:19:37, SQM-L,21.41, Up,0%, 37.998, -105.699,  7, 46, , Crestone  Colorado, Skyguy66
2022-11-29 05:09:43, SQM-L,21.29, Up,70%, 37.998, -105.699,  -4, 34, , Crestone  Colorado, Skyguy66
2022-11-28 22:17:39, SQM-L,21.24, Up,30%, 37.998, -105.699,  26, 31, , Crestone  Colorado, Skyguy66
2022-11-27 20:59:12, SQM-L,21.38, Up,0%, 37.998, -105.699,  21, 20, , Crestone  Colorado, Skyguy66
2022-11-26 22:46:41, SQM-L,21.68, Up,100%, 37.998, -105.699,  23, 12, , Crestone  Colorado, Skyguy66
2022-11-24 21:43:13, SQM-L,21.52, Up,0%, 37.998, -105.699,  20, 1, , Crestone  Colorado, Skyguy66
2022-11-23 19:50:15, SQM-L,21.73, Up,100%, 37.998, -105.699,  27, 0, , Crestone  Colorado, Skyguy66
2022-11-21 21:14:34, SQM-L,21.71, Up,0%, 37.998, -105.699,  12, 6, , Crestone  Colorado, Skyguy66
2022-11-20 23:02:21, SQM-L,21.56, Up,0%, 37.998, -105.699,  -13, 11, , Crestone  Colorado, Skyguy66
2022-11-19 22:29:52, SQM-L,21.58, Up,0%, 37.998, -105.699,  -11, 19, , Crestone  Colorado, Skyguy66
2022-11-17 21:31:07, SQM-L,21.67, Up,20%, 37.998, -105.699,  -9, 37, , Crestone  Colorado, Skyguy66
2022-11-16 22:10:50, SQM-L,21.6, Up,0%, 37.998, -105.699,  -19, 46, , Crestone  Colorado, Skyguy66
2022-11-15 21:08:00, SQM-L,21.61, Up,0%, 37.998, -105.699,  -13, 56, , Crestone  Colorado, Skyguy66
2022-11-14 19:19:48, SQM-L,21.48, Up,90%, 37.998, -105.699,  -1, 66, , Crestone  Colorado, Skyguy66
2022-11-13 20:05:52, SQM-L,21.76, Up,100%, 37.998, -105.699,  -13, 75, , Crestone  Colorado, Skyguy66
2022-11-12 19:28:06, SQM-L,21.51, Up,0%, 37.998, -105.699,  -14, 83, , Crestone  Colorado, Skyguy66
2022-11-11 18:40:33, SQM-L,21.29, Up,0%, 37.998, -105.699,  -15, 90, , Crestone  Colorado, Skyguy66
2022-11-10 19:16:13, SQM-L,21.06, Up,0%, 37.998, -105.699,  -25, 95, , Crestone  Colorado, Skyguy66
2022-11-09 19:08:00, SQM-L,20.32, Up,90%, 37.998, -105.699,  -30, 98, , Crestone  Colorado, Skyguy66
2022-11-08 05:55:32, SQM-L,21.51, Up,0%, 37.998, -105.699,  66, 100, , Crestone  Colorado, Skyguy66
2022-11-07 06:10:57, SQM-L,19.55, Up,20%, 37.998, -105.699,  62, 98, , Crestone  Colorado, Skyguy66
2022-11-06 06:02:06, SQM-L,21.37, Up,50%, 37.998, -105.699,  54, 95, , Crestone  Colorado, Skyguy66
2022-11-05 05:43:00, SQM-L,21.43, Up,80%, 37.998, -105.699,  46, 89, , Crestone  Colorado, Skyguy66
2022-11-04 03:35:32, SQM-L,21.26, Up,60%, 37.998, -105.699,  43, 80, , Crestone  Colorado, Skyguy66
2022-11-03 03:03:00, SQM-L,21.49, Up,0%, 37.998, -105.699,  37, 70, , Crestone  Colorado, Skyguy66
2022-11-02 01:16:41, SQM-L,21.51, Up,0%, 37.998, -105.699,  31, 59, , Crestone  Colorado, Skyguy66
2022-11-01 00:19:17, SQM-L,21.68, Up,0%, 37.998, -105.699,  26, 47, , Crestone  Colorado, Skyguy66
2022-10-31 23:59:30, SQM-L,21.63, Up,0%, 37.998, -105.699,  26, 47, , Crestone  Colorado, Skyguy66
2022-10-30 23:46:00, SQM-L,21.62, Up,10%, 37.998, -105.699,  24, 35, , Crestone  Colorado, Skyguy66
2022-10-29 22:01:21, SQM-L,21.6, Up,60%, 37.998, -105.699,  23, 24, , Crestone  Colorado, Skyguy66
2022-10-28 21:23:00, SQM-L,21.59, Up,0%, 37.998, -105.699,  25, 15, , Crestone  Colorado, Skyguy66
2022-10-27 04:55:00, SQM-L,22.1, Up,90%, 37.998, -105.699,  -44, 4, , Crestone  Colorado, Skyguy66
2022-10-26 04:05:00, SQM-L,21.89, Up,10%, 37.998, -105.699,  -42, 1, , Crestone  Colorado, Skyguy66
2022-10-25 23:25:01, SQM-L,21.64, Up,100%, 37.998, -105.699,  10, 0, , Crestone  Colorado, Skyguy66
2022-10-24 23:25:00, SQM-L,21.54, Up,0%, 37.998, -105.699,  6, 0, , Crestone  Colorado, Skyguy66
2022-10-23 00:29:57, SQM-L,22.11, Up,80%, 37.998, -105.699,  -16, 7, , Crestone  Colorado, Skyguy66
2022-10-22 22:55:00, SQM-L,22.05, Up,100%, 37.998, -105.699,  2, 7, , Crestone  Colorado, Skyguy66
2022-10-21 22:00:00, SQM-L,21.58, Up,0%, 37.998, -105.699,  8, 14, , Crestone  Colorado, Skyguy66
2022-10-20 20:20:00, SQM-L,21.7, Up,0%, 37.998, -105.699,  22, 22, , Crestone  Colorado, Skyguy66
2022-10-19 23:12:00, SQM-L,21.56, Up,10%, 37.998, -105.699,  -14, 29, , Crestone  Colorado, Skyguy66
2022-10-18 22:02:21, SQM-L,21.56, Up,0%, 37.998, -105.699,  -8, 39, , Crestone  Colorado, Skyguy66
2022-10-17 22:56:03, SQM-L,21.52, Up,0%, 37.998, -105.699,  -19, 48, , Crestone  Colorado, Skyguy66
2022-10-16 23:08:00, SQM-L,21.74, Up,10%, 37.998, -105.699,  -23, 57, , Crestone  Colorado, Skyguy66
2022-10-15 21:26:00, SQM-L,21.49, Up,70%, 37.998, -105.699,  -19, 67, , Crestone  Colorado, Skyguy66
2022-10-14 21:09:00, SQM-L,21.39, Up,0%, 37.998, -105.699,  -23, 76, , Crestone  Colorado, Skyguy66
2022-10-13 20:20:00, SQM-L,21.32, Up,10%, 37.998, -105.699,  -25, 84, , Crestone  Colorado, Skyguy66
2022-10-12 19:55:00, SQM-L,21.27, Up,0%, 37.998, -105.699,  -30, 91, , Crestone  Colorado, Skyguy66
2022-10-11 19:49:14, SQM,20.47, Up,40%, 37.998, -105.699,  -37, 96, , Crestone  Colorado, Skyguy66
2022-10-10 19:47:00, SQM,19.59, Up,30%, 37.998, -105.699,  -43, 99, , Crestone  Colorado, Skyguy66
2022-10-09 19:41:00, SQM,19.22, Up,30%, 37.998, -105.699,  -47, 100, , Crestone  Colorado, Skyguy66
2022-10-09 05:48:00, SQM,19.35, Up,50%, 37.998, -105.699,  51, 100, , Crestone  Colorado, Skyguy66
2022-10-08 05:44:00, SQM,21.04, Up,90%, 37.998, -105.699,  45, 97, , Crestone  Colorado, Skyguy66
2022-10-07 04:51:00, SQM,21.37, Up,0%, 37.998, -105.699,  39, 91, , Crestone  Colorado, Skyguy66
2022-10-05 02:34:00, SQM,21.8, Up,80%, 37.998, -105.699,  28, 73, , Crestone  Colorado, Skyguy66
2022-10-04 02:13:00, SQM,21.66, Up,90%, 37.998, -105.699,  25, 62, , Crestone  Colorado, Skyguy66
2022-10-03 03:21:00, SQM,22.14, Up,100%, 37.998, -105.699,  17, 51, , Crestone  Colorado, Skyguy66
2022-10-02 02:59:00, SQM,22.43, Up,100%, 37.998, -105.699,  13, 40, , Crestone  Colorado, Skyguy66
2022-10-01 04:48:00, SQM,22.19, Up,40%, 37.998, -105.699,  -11, 30, , Crestone  Colorado, Skyguy66
2022-09-30 22:21:00, SQM,21.84, Up,60%, 37.998, -105.699,  26, 27, , Crestone  Colorado, Skyguy66
2022-09-29 01:20:00, SQM,22.13, Up,30%, 37.998, -105.699,  11, 11, , Crestone  Colorado, Skyguy66
2022-09-28 21:10:00, SQM,21.81, Up,60%, 37.998, -105.699,  36, 10, , Crestone  Colorado, Skyguy66
2022-09-27 20:26:56, SQM,21.95, Up,90%, 37.998, -105.699,  42, 4, , Crestone  Colorado, Skyguy66
2022-09-26 23:59:00, SQM,21.61, Up,0%, 37.998, -105.699,  17, 1, , Crestone  Colorado, Skyguy66
2022-09-25 22:15:00, SQM,21.42, Up,40%, 37.998, -105.699,  32, 0, , Crestone  Colorado, Skyguy66
2022-09-24 22:58:00, SQM,21.52, Up,0%, 37.998, -105.699,  20, 1, , Crestone  Colorado, Skyguy66
2022-09-23 23:40:00, SQM,21.65, Up,0%, 37.998, -105.699,  7, 4, , Crestone  Colorado, Skyguy66
2022-09-22 00:23:00, SQM,22.63, Up,100%, 37.998, -105.699,  -11, 15, , Crestone  Colorado, Skyguy66
2022-09-21 22:12:06, SQM,22.56, Up,100%, 37.998, -105.699,  12, 15, , Crestone  Colorado, Skyguy66
2022-09-21 20:38:00, SQM,22.06, Up,100%, 37.998, -105.699,  29, 16, , Crestone  Colorado, Skyguy66
2022-09-20 21:32:00, SQM,22.09, Up,100%, 37.998, -105.699,  12, 23, , Crestone  Colorado, Skyguy66
2022-09-19 23:44:00, SQM,21.48, Up,0%, 37.998, -105.699,  -15, 31, , Crestone  Colorado, Skyguy66
2022-09-18 23:49:30, SQM,21.53, Up,50%, 37.998, -105.699,  -20, 40, , Crestone  Colorado, Skyguy66
2022-09-17 22:39:00, SQM,21.49, Up,0%, 37.998, -105.699,  -19, 50, , Crestone  Colorado, Skyguy66
2022-09-15 21:51:00, SQM-L,21.48, Up,30%, 37.998, -105.699,  -28, 69, , Crestone  Colorado, Skyguy66
2022-09-15 21:33:00, SQM-L,21.53, Up,40%, 37.998, -105.699,  -26, 69, , Crestone  Colorado, Skyguy66
2022-09-14 21:08:00, SQM-L,21.47, Up,10%, 37.998, -105.699,  -32, 78, , Crestone  Colorado, Skyguy66
2022-09-13 21:00:30, SQM-L,21.84, Up,90%, 37.998, -105.699,  -39, 86, , Crestone  Colorado, Skyguy66
2022-09-12 20:36:00, SQM-L,21.22, Up,10%, 37.998, -105.699,  -46, 93, , Crestone  Colorado, Skyguy66
2022-09-11 20:27:00, SQM-L,20.55, Up,40%, 37.998, -105.699,  -52, 97, , Crestone  Colorado, Skyguy66
2022-09-09 05:25:00, SQM-L,20.61, Up,0%, 37.998, -105.699,  34, 98, , Crestone  Colorado, Skyguy66
2022-09-08 04:40:00, SQM-L,21.72, Up,50%, 37.998, -105.699,  30, 93, , Crestone  Colorado, Skyguy66
2022-09-07 03:25:00, SQM-L,21.92, Up,0%, 37.998, -105.699,  25, 86, , Crestone  Colorado, Skyguy66
2022-09-06 04:15:00, SQM-L,21.78, Up,0%, 37.998, -105.699,  23, 77, , Crestone  Colorado, Skyguy66
2022-09-05 03:05:01, SQM-L,21.73, Up,0%, 37.998, -105.699,  23, 66, , Crestone  Colorado, Skyguy66
2022-09-04 03:20:00, SQM-L,21.74, Up,0%, 37.998, -105.699,  19, 54, , Crestone  Colorado, Skyguy66
2022-09-04 00:00:00, SQM-L,21.43, Up,0%, 37.998, -105.699,  24, 53, , Crestone  Colorado, Skyguy66
2022-09-03 04:40:00, SQM-L,22.18, Up,80%, 37.998, -105.699,  3, 44, , Crestone  Colorado, Skyguy66
2022-09-02 23:30:00, SQM-L,22.1, Up,100%, 37.998, -105.699,  29, 41, , Crestone  Colorado, Skyguy66
2022-09-02 03:15:00, SQM-L,21.87, Up,20%, 37.998, -105.699,  11, 32, , Crestone  Colorado, Skyguy66
2022-08-31 23:20:00, SQM-L,22.29, Up,90%, 37.998, -105.699,  38, 21, , Crestone  Colorado, Skyguy66
2022-08-31 22:40:00, SQM-L,22.17, Up,80%, 37.998, -105.699,  40, 21, , Crestone  Colorado, Skyguy66
2022-08-30 23:25:00, SQM-L,21.61, Up,20%, 37.998, -105.699,  40, 13, , Crestone  Colorado, Skyguy66
2022-08-29 23:59:00, SQM-L,21.56, Up,0%, 37.998, -105.699,  34, 7, , Crestone  Colorado, Skyguy66
2022-08-28 23:29:00, SQM-L,21.88, Up,20%, 37.998, -105.699,  36, 3, , Crestone  Colorado, Skyguy66
2022-08-27 21:10:00, SQM-L,21.54, Up,10%, 37.998, -105.699,  56, 0, , Crestone  Colorado, Skyguy66
2022-08-26 23:15:00, SQM-L,21.58, Up,100%, 37.998, -105.699,  29, 0, , Crestone  Colorado, Skyguy66
2022-08-25 21:20:00, SQM-L,21.78, Up,100%, 37.998, -105.699,  45, 2, , Crestone  Colorado, Skyguy66
2022-08-25 00:08:00, SQM-L,21.81, Up,70%, 37.998, -105.699,  6, 5, , Crestone  Colorado, Skyguy66
2022-08-24 00:08:00, SQM-L,21.55, Up,40%, 37.998, -105.699,  -0, 10, , Crestone  Colorado, Skyguy66
2022-08-23 21:20:00, SQM-L,21.63, Up,30%, 37.998, -105.699,  29, 11, , Crestone  Colorado, Skyguy66
2022-08-23 00:15:00, SQM-L,21.79, Up,100%, 37.998, -105.699,  -9, 17, , Crestone  Colorado, Skyguy66
2022-08-21 23:30:00, SQM-L,22.28, Up,100%, 37.998, -105.699,  -10, 25, , Crestone  Colorado, Skyguy66
2022-08-21 00:38:00, SQM-L,21.64, Up,30%, 37.998, -105.699,  -23, 33, , Crestone  Colorado, Skyguy66
2022-08-20 21:05:00, SQM-L,21.55, Up,30%, 37.998, -105.699,  4, 34, , Crestone  Colorado, Skyguy66
2022-08-19 21:25:00, SQM-L,22.41, Up,100%, 37.998, -105.699,  -9, 43, , Crestone  Colorado, Skyguy66
2022-08-18 21:25:00, SQM-L,21.55, Up,10%, 37.998, -105.699,  -19, 53, , Crestone  Colorado, Skyguy66
2022-08-17 04:12:00, SQM-L,22.28, Up,100%, 37.998, -105.699,  -7, 70, , Crestone  Colorado, Skyguy66
2022-08-15 22:01:05, SQM-L,22.01, Up,100%, 37.998, -105.699,  -49, 81, , Crestone  Colorado, Skyguy66
2022-08-14 21:33:00, SQM-L,21.65, Up,30%, 37.998, -105.699,  -56, 89, , Crestone  Colorado, Skyguy66
2022-08-11 21:15:00, SQM-L,19.33, Up,10%, 37.998, -105.699,  -57, 100, , Crestone  Colorado, Skyguy66
2022-08-08 02:05:00, SQM-L,22.52, Up,40%, 37.998, -105.699,  24, 78, , Crestone  Colorado, Skyguy66
2022-08-08 00:15:00, SQM-L,19.55, Up,60%, 37.998, -105.699,  14, 77, , Crestone  Colorado, Skyguy66
2022-08-07 01:25:00, SQM-L,22.52, Up,10%, 37.998, -105.699,  28, 68, , Crestone  Colorado, Skyguy66
2022-08-01 00:12:57, SQM-L,21.55, Up,60%, 37.998, -105.699,  45, 10, , Crestone  Colorado, Skyguy66
2022-07-30 22:50:00, SQM-L,21.98, Up,100%, 37.998, -105.699,  55, 5, , Crestone  Colorado, Skyguy66
2022-07-28 04:25:00, SQM-L,22.58, Up,90%, 37.998, -105.699,  -20, 0, , Crestone  Colorado, Skyguy66
2022-07-27 08:15:00, SQM-L,21.95, Up,80%, 37.998, -105.699,  -20, 2, , Crestone  Colorado, Skyguy66
2022-07-25 12:08:37, SQM-L,22.68, Up,100%, 37.998, -105.699,  32, 9, , Crestone  Colorado, Skyguy66
